recipe_name,ingredients,directions,prep_time,cook_time,total_time,servings,nutrition,dietary_labels,allergens,substitutions,diet_type
Palak Paneer,"spinach 200g, paneer 100g, onion 1, tomato 1, garlic 2 cloves, ginger 1 tsp, cumin 1 tsp, turmeric 0.5 tsp, garam masala 0.5 tsp, oil 1 tbsp, salt 1 tsp","1. Sauté onions, garlic, ginger. 2. Add tomato & spices. 3. Add spinach & cook. 4. Add paneer & simmer 5 min.",10 min,20 min,30 min,4,"{""calories"": 280, ""protein"": 15g, ""fat"": 22g, ""carbs"": 10g, ""sugar"": 5g, ""fiber"": 4g, ""sodium"": 400mg, ""vitamins"": {""A"": ""1200 IU"", ""C"": ""30 mg""}}","vegetarian, gluten-free",dairy,"{""paneer"": [""tofu"", ""cashew cheese""], ""oil"": [""olive oil"", ""coconut oil""]}",Vegetarian
Chana Masala,"chickpeas 200g, onion 1, tomato 2, garlic 2 cloves, ginger 1 tsp, cumin 1 tsp, coriander 1 tsp, turmeric 0.5 tsp, chili 1, oil 1 tbsp, salt 1 tsp","1. Soak chickpeas overnight. 2. Sauté onion, garlic, ginger. 3. Add tomato & spices. 4. Add chickpeas & simmer 20 min.",15 min,40 min,55 min,4,"{""calories"": 320, ""protein"": 15g, ""fat"": 8g, ""carbs"": 50g, ""sugar"": 6g, ""fiber"": 12g, ""sodium"": 300mg, ""vitamins"": {""A"": ""50 IU"", ""C"": ""20 mg""}}","vegan, gluten-free",none,"{""chickpeas"": [""black beans"", ""kidney beans""], ""oil"": [""olive oil"", ""sunflower oil""]}",Vegetarian
Masala Dosa,"rice 100g, urad dal 50g, potato 2, onion 1, mustard seeds 0.5 tsp, turmeric 0.5 tsp, curry leaves 5, oil 1 tbsp, salt 1 tsp","1. Soak rice & dal overnight, grind to batter. 2. Cook dosa on pan. 3. Prepare potato filling with spices. 4. Fill dosa with potato mixture.",10 min,30 min,40 min,2,"{""calories"": 350, ""protein"": 10g, ""fat"": 12g, ""carbs"": 55g, ""sugar"": 3g, ""fiber"": 5g, ""sodium"": 300mg, ""vitamins"": {""A"": ""30 IU"", ""C"": ""10 mg""}}",vegetarian,gluten-free,"{""rice"": [""quinoa"", ""millet""], ""potato"": [""sweet potato"", ""cauliflower""]}",Vegetarian
Aloo Gobi,"potato 200g, cauliflower 200g, onion 1, tomato 1, garlic 2 cloves, ginger 1 tsp, cumin 1 tsp, turmeric 0.5 tsp, chili 1, oil 1 tbsp, salt 1 tsp","1. Sauté onions, garlic, ginger. 2. Add tomato & spices. 3. Add potato & cauliflower, cook 20 min.",10 min,20 min,30 min,4,"{""calories"": 250, ""protein"": 6g, ""fat"": 12g, ""carbs"": 35g, ""sugar"": 5g, ""fiber"": 8g, ""sodium"": 350mg, ""vitamins"": {""A"": ""200 IU"", ""C"": ""40 mg""}}","vegan, gluten-free",none,"{""potato"": [""sweet potato"", ""yam""], ""oil"": [""olive oil"", ""canola oil""]}",Vegetarian
Rasam,"tamarind 50g, tomato 2, garlic 3 cloves, cumin 1 tsp, black pepper 0.5 tsp, curry leaves 5, coriander 1 tsp, salt 1 tsp, water 500ml","1. Soak tamarind in water. 2. Boil tomato, tamarind water, garlic, spices. 3. Simmer 10 min. 4. Garnish with coriander.",5 min,15 min,20 min,4,"{""calories"": 50, ""protein"": 2g, ""fat"": 1g, ""carbs"": 10g, ""sugar"": 3g, ""fiber"": 2g, ""sodium"": 300mg, ""vitamins"": {""A"": ""50 IU"", ""C"": ""15 mg""}}","vegan, gluten-free",none,"{""tamarind"": [""lemon juice"", ""amchur powder""]}",Vegetarian
Butter Chicken,"chicken 250g, butter 20g, cream 50ml, tomato puree 100ml, onion 1, garlic 2 cloves, ginger 1 tsp, garam masala 1 tsp, chili 1, salt 1 tsp","1. Sauté onion, garlic, ginger. 2. Add tomato puree & spices. 3. Add chicken, cook 20 min. 4. Stir in butter & cream.",15 min,25 min,40 min,4,"{""calories"": 450, ""protein"": 30g, ""fat"": 30g, ""carbs"": 8g, ""sugar"": 5g, ""fiber"": 2g, ""sodium"": 400mg, ""vitamins"": {""A"": ""150 IU"", ""C"": ""15 mg""}}",gluten-free,dairy,"{""butter"": [""olive oil"", ""vegan butter""], ""cream"": [""coconut cream"", ""cashew cream""]}",Non-Vegetarian
Idli,"rice 100g, urad dal 50g, salt 0.5 tsp, water 100ml","1. Soak rice & dal overnight, grind to batter. 2. Ferment 8h. 3. Steam batter in idli molds 10 min.",10 min,10 min,20 min,4,"{""calories"": 200, ""protein"": 6g, ""fat"": 1g, ""carbs"": 45g, ""sugar"": 1g, ""fiber"": 2g, ""sodium"": 200mg, ""vitamins"": {""A"": ""10 IU"", ""C"": ""2 mg""}}","vegan, gluten-free",none,"{""rice"": [""quinoa"", ""millet""]}",Vegetarian
Pav Bhaji,"potato 150g, cauliflower 50g, carrot 50g, peas 50g, onion 1, tomato 2, butter 10g, oil 1 tbsp, chili 1, salt 1 tsp, pav bread 4","1. Boil vegetables. 2. Sauté onion, tomato & spices. 3. Mash vegetables into bhaji. 4. Serve with toasted buttered pav.",10 min,25 min,35 min,4,"{""calories"": 400, ""protein"": 10g, ""fat"": 18g, ""carbs"": 55g, ""sugar"": 10g, ""fiber"": 10g, ""sodium"": 450mg, ""vitamins"": {""A"": ""500 IU"", ""C"": ""40 mg""}}",vegetarian,"dairy, gluten","{""butter"": [""olive oil"", ""vegan butter""], ""pav bread"": [""gluten-free bread"", ""millet bread""]}",Vegetarian
Gulab Jamun,"milk powder 100g, flour 20g, ghee 20g, sugar 100g, water 50ml, cardamom 0.5 tsp, rose water 1 tsp","1. Make dough with milk powder, flour & ghee. 2. Shape into balls & fry. 3. Boil sugar syrup with cardamom & rose water. 4. Soak fried balls in syrup.",15 min,20 min,35 min,6,"{""calories"": 200, ""protein"": 3g, ""fat"": 8g, ""carbs"": 30g, ""sugar"": 25g, ""fiber"": 1g, ""sodium"": 50mg, ""vitamins"": {""A"": ""50 IU"", ""C"": ""0 mg""}}",vegetarian,"dairy, gluten","{""milk powder"": [""soy milk powder"", ""almond milk powder""], ""ghee"": [""coconut oil"", ""vegan butter""]}",Vegetarian
Dhokla,"gram flour 100g, yogurt 50g, water 50ml, turmeric 0.5 tsp, baking soda 0.25 tsp, salt 0.5 tsp, oil 1 tbsp","1. Mix gram flour, yogurt, water & spices. 2. Steam batter 15 min. 3. Temper with oil & mustard seeds.",10 min,15 min,25 min,4,"{""calories"": 150, ""protein"": 6g, ""fat"": 5g, ""carbs"": 22g, ""sugar"": 2g, ""fiber"": 3g, ""sodium"": 200mg, ""vitamins"": {""A"": ""30 IU"", ""C"": ""5 mg""}}","vegetarian, gluten-free",dairy,"{""yogurt"": [""soy yogurt"", ""coconut yogurt""], ""oil"": [""olive oil"", ""sunflower oil""]}",Vegetarian
Baingan Bharta,"eggplant 300g, onion 1, tomato 2, garlic 2 cloves, ginger 1 tsp, green chili 1, cumin 1 tsp, oil 1 tbsp, salt 1 tsp","1. Roast eggplant until soft. 2. Sauté onion, garlic, ginger, chili. 3. Add tomato & spices. 4. Mash eggplant & cook 5 min.",10 min,20 min,30 min,4,"{""calories"": 180, ""protein"": 4g, ""fat"": 10g, ""carbs"": 22g, ""sugar"": 8g, ""fiber"": 8g, ""sodium"": 300mg, ""vitamins"": {""A"": ""200 IU"", ""C"": ""25 mg""}}","vegan, gluten-free",none,"{""eggplant"": [""zucchini"", ""butternut squash""], ""oil"": [""olive oil"", ""coconut oil""]}",Vegetarian
Methi Thepla,"whole wheat flour 100g, fresh fenugreek leaves 50g, yogurt 20ml, turmeric 0.25 tsp, chili 0.5 tsp, salt 0.5 tsp, oil 1 tsp","1. Mix flour, fenugreek, yogurt & spices into dough. 2. Roll thin & cook on tawa with oil.",10 min,15 min,25 min,4,"{""calories"": 200, ""protein"": 6g, ""fat"": 5g, ""carbs"": 35g, ""sugar"": 1g, ""fiber"": 6g, ""sodium"": 200mg, ""vitamins"": {""A"": ""300 IU"", ""C"": ""10 mg""}}",vegetarian,"dairy, gluten","{""yogurt"": [""soy yogurt"", ""coconut yogurt""], ""whole wheat flour"": [""millet flour"", ""rice flour""]}",Vegetarian
Pesarattu,"green moong dal 100g, ginger 1 tsp, green chili 1, salt 0.5 tsp, oil 1 tsp","1. Soak moong dal overnight, grind with ginger & chili. 2. Cook thin pancakes on tawa.",5 min,15 min,20 min,2,"{""calories"": 180, ""protein"": 10g, ""fat"": 3g, ""carbs"": 28g, ""sugar"": 2g, ""fiber"": 5g, ""sodium"": 200mg, ""vitamins"": {""A"": ""20 IU"", ""C"": ""2 mg""}}","vegan, gluten-free",none,"{""green moong dal"": [""chickpea flour"", ""lentils""], ""oil"": [""olive oil"", ""sunflower oil""]}",Vegetarian
Kadai Paneer,"paneer 150g, bell pepper 1, onion 1, tomato 2, garlic 2 cloves, ginger 1 tsp, cumin 1 tsp, coriander powder 1 tsp, chili 1, oil 1 tbsp, salt 1 tsp","1. Sauté onion, garlic, ginger. 2. Add tomato & spices. 3. Add bell pepper & paneer, cook 10 min.",10 min,20 min,30 min,4,"{""calories"": 300, ""protein"": 16g, ""fat"": 22g, ""carbs"": 12g, ""sugar"": 6g, ""fiber"": 4g, ""sodium"": 350mg, ""vitamins"": {""A"": ""300 IU"", ""C"": ""50 mg""}}","vegetarian, gluten-free",dairy,"{""paneer"": [""tofu"", ""cashew cheese""], ""oil"": [""olive oil"", ""coconut oil""]}",Vegetarian
Chicken Tikka,"chicken 250g, yogurt 50g, ginger-garlic paste 1 tsp, chili powder 1 tsp, turmeric 0.5 tsp, salt 1 tsp, oil 1 tbsp",1. Marinate chicken in yogurt & spices 1h. 2. Grill or bake 20 min.,10 min,20 min,30 min,4,"{""calories"": 350, ""protein"": 30g, ""fat"": 18g, ""carbs"": 5g, ""sugar"": 2g, ""fiber"": 1g, ""sodium"": 400mg, ""vitamins"": {""A"": ""50 IU"", ""C"": ""5 mg""}}",gluten-free,dairy,"{""yogurt"": [""soy yogurt"", ""coconut yogurt""], ""oil"": [""olive oil"", ""canola oil""]}",Non-Vegetarian
Aloo Paratha,"whole wheat flour 100g, potato 150g, green chili 1, coriander 1 tsp, salt 0.5 tsp, oil 1 tsp, butter 1 tsp",1. Boil & mash potatoes. 2. Mix with spices & stuff into rolled dough. 3. Cook on tawa with oil/butter.,15 min,15 min,30 min,4,"{""calories"": 300, ""protein"": 6g, ""fat"": 12g, ""carbs"": 45g, ""sugar"": 2g, ""fiber"": 5g, ""sodium"": 300mg, ""vitamins"": {""A"": ""50 IU"", ""C"": ""15 mg""}}",vegetarian,"dairy, gluten","{""butter"": [""olive oil"", ""vegan butter""], ""potato"": [""sweet potato"", ""yam""]}",Vegetarian
Pani Puri,"semolina 50g, whole wheat flour 50g, chickpeas 50g, potato 50g, tamarind 20g, mint 10g, coriander 5g, chili 1, salt 0.5 tsp",1. Make small puris & fry. 2. Boil chickpeas & potatoes. 3. Prepare tamarind-mint water. 4. Serve with filling & water.,20 min,20 min,40 min,4,"{""calories"": 250, ""protein"": 6g, ""fat"": 10g, ""carbs"": 35g, ""sugar"": 5g, ""fiber"": 6g, ""sodium"": 250mg, ""vitamins"": {""A"": ""50 IU"", ""C"": ""10 mg""}}",vegetarian,gluten,"{""semolina"": [""rice flour"", ""millet flour""], ""tamarind"": [""lemon juice"", ""amchur powder""]}",Vegetarian
Mutton Rogan Josh,"mutton 250g, onion 1, garlic 2 cloves, ginger 1 tsp, tomato 1, yogurt 50ml, chili 1, garam masala 1 tsp, oil 1 tbsp, salt 1 tsp","1. Sauté onion, garlic, ginger. 2. Add tomato & spices. 3. Add mutton & cook 40 min. 4. Stir in yogurt & simmer 5 min.",15 min,45 min,60 min,4,"{""calories"": 450, ""protein"": 30g, ""fat"": 28g, ""carbs"": 8g, ""sugar"": 3g, ""fiber"": 2g, ""sodium"": 400mg, ""vitamins"": {""A"": ""50 IU"", ""C"": ""5 mg""}}",gluten-free,dairy,"{""yogurt"": [""soy yogurt"", ""coconut yogurt""], ""oil"": [""olive oil"", ""canola oil""]}",Non-Vegetarian
Vegetable Biryani,"basmati rice 200g, mixed vegetables 200g, onion 1, garlic 2 cloves, ginger 1 tsp, cumin 1 tsp, garam masala 1 tsp, yogurt 50g, oil 1 tbsp, salt 1 tsp","1. Sauté onion, garlic, ginger. 2. Add vegetables & spices. 3. Add rice & water, cook 20 min. 4. Stir in yogurt.",15 min,25 min,40 min,4,"{""calories"": 350, ""protein"": 10g, ""fat"": 12g, ""carbs"": 50g, ""sugar"": 5g, ""fiber"": 6g, ""sodium"": 300mg, ""vitamins"": {""A"": ""200 IU"", ""C"": ""30 mg""}}","vegetarian, gluten-free",dairy,"{""yogurt"": [""soy yogurt"", ""coconut yogurt""], ""oil"": [""olive oil"", ""sunflower oil""]}",Vegetarian
Rava Upma,"semolina 100g, onion 1, carrot 50g, peas 50g, green chili 1, ginger 1 tsp, water 200ml, oil 1 tbsp, salt 0.5 tsp","1. Roast semolina. 2. Sauté vegetables & spices. 3. Add water, cook semolina 5 min.",5 min,15 min,20 min,4,"{""calories"": 250, ""protein"": 6g, ""fat"": 8g, ""carbs"": 38g, ""sugar"": 4g, ""fiber"": 4g, ""sodium"": 200mg, ""vitamins"": {""A"": ""300 IU"", ""C"": ""10 mg""}}","vegetarian, gluten",none,"{""semolina"": [""rice flour"", ""millet flour""], ""oil"": [""olive oil"", ""sunflower oil""]}",Vegetarian
Pani Puri,"semolina 100g, water 50ml, chickpeas 50g, potato 50g, tamarind chutney 30ml, mint-coriander chutney 30ml, salt 0.5 tsp",1. Make hollow puris & fry 5 min. 2. Boil potatoes & chickpeas. 3. Serve puris with filling & flavored water.,20 min,15 min,35 min,4,"{""calories"": 250, ""protein"": 6g, ""fat"": 10g, ""carbs"": 35g, ""sugar"": 8g, ""fiber"": 5g, ""sodium"": 250mg, ""vitamins"": {""A"": ""50 IU"", ""C"": ""10 mg""}}",vegetarian,gluten,"{""semolina"": [""rice flour"", ""millet flour""], ""oil"": [""olive oil"", ""sunflower oil""]}",Vegetarian
Coconut Chutney,"grated coconut 50g, roasted chana dal 10g, green chili 1, ginger 1 tsp, yogurt 50ml, salt 0.5 tsp",1. Blend all ingredients into smooth chutney.,5 min,0 min,5 min,2,"{""calories"": 120, ""protein"": 3g, ""fat"": 8g, ""carbs"": 10g, ""sugar"": 2g, ""fiber"": 3g, ""sodium"": 150mg, ""vitamins"": {""A"": ""50 IU"", ""C"": ""2 mg""}}","vegetarian, gluten-free","dairy, nuts","{""yogurt"": [""soy yogurt"", ""coconut yogurt""], ""roasted chana dal"": [""roasted chickpeas""]}",Vegetarian
Moong Dal Chilla,"moong dal 100g, ginger 1 tsp, green chili 1, salt 0.5 tsp, oil 1 tsp",1. Soak dal 4h & grind. 2. Cook thin pancakes on tawa.,5 min,15 min,20 min,4,"{""calories"": 180, ""protein"": 10g, ""fat"": 3g, ""carbs"": 28g, ""sugar"": 2g, ""fiber"": 5g, ""sodium"": 200mg, ""vitamins"": {""A"": ""50 IU"", ""C"": ""5 mg""}}","vegan, gluten-free",none,"{""moong dal"": [""chickpeas"", ""lentils""], ""oil"": [""olive oil"", ""sunflower oil""]}",Vegetarian
Malai Kofta,"paneer 100g, potato 100g, cashew 20g, cream 50ml, onion 1, tomato 1, ginger 1 tsp, garlic 1 clove, chili 1, garam masala 1 tsp, oil 1 tbsp, salt 1 tsp","1. Mash paneer & potato, mix with cashews, shape koftas & fry 5 min. 2. Sauté onion, garlic, ginger, tomato & spices. 3. Add cream & simmer koftas 5 min.",15 min,20 min,35 min,4,"{""calories"": 450, ""protein"": 15g, ""fat"": 30g, ""carbs"": 25g, ""sugar"": 6g, ""fiber"": 4g, ""sodium"": 300mg, ""vitamins"": {""A"": ""400 IU"", ""C"": ""10 mg""}}","vegetarian, gluten-free","dairy, nuts","{""paneer"": [""tofu""], ""cashew"": [""almond""], ""cream"": [""coconut cream""], ""oil"": [""olive oil""]}",Vegetarian
Naan,"all-purpose flour 150g, yogurt 50ml, yeast 1 tsp, sugar 1 tsp, salt 0.5 tsp, oil 1 tbsp",1. Mix ingredients & knead dough 10 min. 2. Rest 1h. 3. Roll & cook on tawa 5 min each side.,15 min,10 min,25 min,4,"{""calories"": 220, ""protein"": 6g, ""fat"": 5g, ""carbs"": 38g, ""sugar"": 2g, ""fiber"": 2g, ""sodium"": 250mg, ""vitamins"": {""A"": ""50 IU"", ""C"": ""0 mg""}}",vegetarian,"gluten, dairy","{""all-purpose flour"": [""whole wheat flour"", ""gluten-free flour""], ""yogurt"": [""soy yogurt""]}",Vegetarian
Tandoori Chicken,"chicken 250g, yogurt 50ml, garlic 1 clove, ginger 1 tsp, chili 1 tsp, turmeric 0.5 tsp, garam masala 1 tsp, lemon juice 1 tbsp, salt 1 tsp",1. Marinate chicken with yogurt & spices 1h. 2. Bake/grill at 200°C 20 min. 3. Serve hot.,10 min,20 min,30 min,2,"{""calories"": 300, ""protein"": 30g, ""fat"": 15g, ""carbs"": 5g, ""sugar"": 2g, ""fiber"": 1g, ""sodium"": 400mg, ""vitamins"": {""A"": ""50 IU"", ""C"": ""5 mg""}}",gluten-free,dairy,"{""yogurt"": [""soy yogurt"", ""coconut yogurt""]}",Non-Vegetarian
Roti,"whole wheat flour 100g, water 50ml, salt 0.25 tsp","1. Knead flour, water & salt into dough 5 min. 2. Roll & cook on tawa 2–3 min each side.",5 min,10 min,15 min,4,"{""calories"": 120, ""protein"": 4g, ""fat"": 1g, ""carbs"": 25g, ""sugar"": 0g, ""fiber"": 3g, ""sodium"": 100mg, ""vitamins"": {""A"": ""0 IU"", ""C"": ""0 mg""}}","vegan, gluten",gluten,"{""whole wheat flour"": [""millet flour"", ""rice flour""]}",Vegetarian
Matar Paneer,"paneer 150g, peas 100g, onion 1, tomato 1, garlic 1 clove, ginger 1 tsp, chili 1, garam masala 1 tsp, oil 1 tbsp, salt 1 tsp","1. Sauté onion, garlic, ginger, tomato & spices. 2. Add peas & cook 5 min. 3. Add paneer, simmer 5 min.",10 min,15 min,25 min,4,"{""calories"": 350, ""protein"": 18g, ""fat"": 20g, ""carbs"": 20g, ""sugar"": 5g, ""fiber"": 4g, ""sodium"": 300mg, ""vitamins"": {""A"": ""200 IU"", ""C"": ""15 mg""}}","vegetarian, gluten-free",dairy,"{""paneer"": [""tofu""], ""oil"": [""olive oil""]}",Vegetarian
Bhindi Masala,"okra 200g, onion 1, tomato 1, garlic 1 clove, ginger 1 tsp, chili 1, turmeric 0.5 tsp, oil 1 tbsp, salt 1 tsp","1. Sauté onion, garlic, ginger & spices. 2. Add okra & tomato, cook 15 min.",10 min,15 min,25 min,4,"{""calories"": 180, ""protein"": 3g, ""fat"": 10g, ""carbs"": 20g, ""sugar"": 5g, ""fiber"": 5g, ""sodium"": 250mg, ""vitamins"": {""A"": ""300 IU"", ""C"": ""20 mg""}}","vegan, gluten-free",none,"{""okra"": [""zucchini"", ""green beans""], ""oil"": [""olive oil"", ""sunflower oil""]}",Vegetarian
Lassi,"yogurt 200ml, sugar 2 tsp, cardamom 0.25 tsp, ice cubes 4",1. Blend all ingredients until frothy. 2. Serve chilled.,5 min,0 min,5 min,2,"{""calories"": 150, ""protein"": 5g, ""fat"": 5g, ""carbs"": 20g, ""sugar"": 18g, ""fiber"": 0g, ""sodium"": 80mg, ""vitamins"": {""A"": ""50 IU"", ""C"": ""1 mg""}}","vegetarian, gluten-free",dairy,"{""yogurt"": [""soy yogurt"", ""coconut yogurt""]}",Vegetarian
Gulab Jamun,"khoya 100g, flour 10g, sugar 100g, water 100ml, cardamom 0.25 tsp, oil 1 cup","1. Mix khoya & flour, shape balls. 2. Fry 5 min until golden. 3. Boil sugar & water with cardamom, soak fried balls 10 min.",15 min,15 min,30 min,4,"{""calories"": 250, ""protein"": 4g, ""fat"": 10g, ""carbs"": 35g, ""sugar"": 30g, ""fiber"": 1g, ""sodium"": 50mg, ""vitamins"": {""A"": ""100 IU"", ""C"": ""0 mg""}}",vegetarian,"dairy, gluten","{""khoya"": [""ricotta cheese"", ""paneer""], ""flour"": [""rice flour""], ""oil"": [""vegetable oil""]}",Vegetarian
Jalebi,"all-purpose flour 100g, yogurt 50ml, sugar 100g, water 50ml, saffron 0.1g, oil 1 cup","1. Make batter with flour & yogurt, ferment 4h. 2. Fry batter in spiral shapes 2–3 min. 3. Soak in sugar syrup 5 min.",10 min,15 min,25 min,4,"{""calories"": 300, ""protein"": 3g, ""fat"": 10g, ""carbs"": 50g, ""sugar"": 40g, ""fiber"": 0g, ""sodium"": 50mg, ""vitamins"": {""A"": ""0 IU"", ""C"": ""0 mg""}}",vegetarian,"gluten, dairy","{""all-purpose flour"": [""rice flour"", ""millet flour""], ""yogurt"": [""soy yogurt""]}",Vegetarian
Khichuri,"rice 100g, moong dal 50g, onion 1, garlic 1 clove, ginger 1 tsp, turmeric 0.5 tsp, ghee 1 tbsp, salt 1 tsp","1. Wash rice & dal. 2. Sauté onion, garlic, ginger in ghee. 3. Add rice, dal, turmeric, salt & water 2 cups. 4. Cook 20 min.",10 min,20 min,30 min,4,"{""calories"": 320, ""protein"": 10g, ""fat"": 8g, ""carbs"": 55g, ""sugar"": 2g, ""fiber"": 5g, ""sodium"": 300mg, ""vitamins"": {""A"": ""200 IU"", ""C"": ""4 mg""}}","vegetarian, gluten-free",dairy,"{""ghee"": [""olive oil"", ""coconut oil""]}",Vegetarian
Aloo Posto,"potato 200g, poppy seeds 20g, green chili 1, mustard oil 1 tbsp, turmeric 0.5 tsp, salt 1 tsp","1. Grind poppy seeds with chili. 2. Fry in mustard oil, add potato & turmeric. 3. Cook 15 min until tender.",10 min,15 min,25 min,4,"{""calories"": 250, ""protein"": 4g, ""fat"": 12g, ""carbs"": 30g, ""sugar"": 2g, ""fiber"": 5g, ""sodium"": 200mg, ""vitamins"": {""A"": ""50 IU"", ""C"": ""15 mg""}}","vegan, gluten-free",none,"{""mustard oil"": [""olive oil"", ""sunflower oil""]}",Vegetarian
Momos,"all-purpose flour 150g, water 70ml, cabbage 50g, carrot 50g, onion 1, soy sauce 1 tsp, salt 1 tsp, oil 1 tbsp","1. Knead dough, rest 30 min. 2. Chop vegetables & mix with salt & soy sauce. 3. Fill dough & steam 15 min.",15 min,15 min,30 min,4,"{""calories"": 180, ""protein"": 5g, ""fat"": 5g, ""carbs"": 30g, ""sugar"": 2g, ""fiber"": 4g, ""sodium"": 350mg, ""vitamins"": {""A"": ""200 IU"", ""C"": ""10 mg""}}",vegetarian,"gluten, soy","{""all-purpose flour"": [""rice flour"", ""millet flour""], ""soy sauce"": [""coconut aminos""]}",Vegetarian
Samosa,"potato 150g, peas 50g, all-purpose flour 100g, oil 1 cup, cumin 0.5 tsp, chili 0.5 tsp, salt 1 tsp","1. Make dough with flour & water. 2. Boil potato & peas, sauté with spices. 3. Fill dough, shape triangles, fry 5–7 min.",20 min,10 min,30 min,4,"{""calories"": 300, ""protein"": 5g, ""fat"": 15g, ""carbs"": 40g, ""sugar"": 2g, ""fiber"": 5g, ""sodium"": 250mg, ""vitamins"": {""A"": ""50 IU"", ""C"": ""10 mg""}}",vegetarian,gluten,"{""all-purpose flour"": [""rice flour"", ""millet flour""], ""oil"": [""olive oil"", ""sunflower oil""]}",Vegetarian
Kachori,"all-purpose flour 100g, urad dal 50g, cumin 0.5 tsp, chili 0.5 tsp, oil 1 tbsp, salt 0.5 tsp","1. Prepare dough with flour & water. 2. Grind dal with spices. 3. Fill dough, shape discs, fry 5–7 min.",15 min,10 min,25 min,4,"{""calories"": 220, ""protein"": 6g, ""fat"": 10g, ""carbs"": 25g, ""sugar"": 1g, ""fiber"": 4g, ""sodium"": 200mg, ""vitamins"": {""A"": ""10 IU"", ""C"": ""2 mg""}}",vegetarian,gluten,"{""all-purpose flour"": [""rice flour""], ""oil"": [""olive oil"", ""sunflower oil""]}",Vegetarian
Pakora,"gram flour 100g, potato 100g, onion 1, chili 1, cumin 0.5 tsp, salt 1 tsp, water 50ml, oil 1 cup","1. Slice potato & onion. 2. Mix gram flour, spices & water into batter. 3. Coat vegetables & fry 5 min.",10 min,10 min,20 min,4,"{""calories"": 250, ""protein"": 6g, ""fat"": 12g, ""carbs"": 30g, ""sugar"": 2g, ""fiber"": 4g, ""sodium"": 200mg, ""vitamins"": {""A"": ""50 IU"", ""C"": ""5 mg""}}",vegan,gluten,"{""gram flour"": [""chickpea flour""], ""oil"": [""olive oil""]}",Vegetarian
Aloo Tikki,"potato 200g, green peas 50g, chili 1, coriander 1 tsp, salt 1 tsp, oil 1 tbsp","1. Boil potato, mash & mix with peas & spices. 2. Shape patties & shallow fry 5 min.",10 min,10 min,20 min,4,"{""calories"": 200, ""protein"": 4g, ""fat"": 8g, ""carbs"": 30g, ""sugar"": 2g, ""fiber"": 4g, ""sodium"": 180mg, ""vitamins"": {""A"": ""50 IU"", ""C"": ""10 mg""}}",vegan,none,"{""oil"": [""olive oil"", ""sunflower oil""]}",Vegetarian
Pani Puri,"semolina 100g, water 50ml, potato 100g, chickpeas 50g, tamarind 2 tbsp, mint 10g, chili 0.5 tsp, salt 0.5 tsp","1. Prepare puris by frying semolina dough 2–3 min. 2. Boil potato & chickpeas. 3. Mix tamarind, mint & chili for water. 4. Serve puris filled with potato, chickpeas & water.",15 min,15 min,30 min,4,"{""calories"": 180, ""protein"": 5g, ""fat"": 6g, ""carbs"": 25g, ""sugar"": 2g, ""fiber"": 5g, ""sodium"": 250mg, ""vitamins"": {""A"": ""50 IU"", ""C"": ""10 mg""}}",vegetarian,gluten,"{""semolina"": [""rice flour""], ""oil"": [""olive oil""]}",Vegetarian
Bhel Puri,"puffed rice 100g, sev 20g, onion 1, tomato 1, coriander 1 tsp, tamarind chutney 2 tbsp, chili 0.25 tsp, salt 0.5 tsp","1. Mix puffed rice, chopped vegetables & chutney. 2. Top with sev & coriander. Serve immediately.",10 min,0 min,10 min,2,"{""calories"": 150, ""protein"": 3g, ""fat"": 5g, ""carbs"": 25g, ""sugar"": 5g, ""fiber"": 4g, ""sodium"": 200mg, ""vitamins"": {""A"": ""50 IU"", ""C"": ""10 mg""}}","vegetarian, gluten-free",gluten (sev may contain wheat),"{""sev"": [""crispy chickpea noodles""]}",Vegetarian
Sev Puri,"puri 10 pcs, boiled potato 100g, onion 1, tomato 1, coriander 1 tsp, tamarind chutney 2 tbsp, chili 0.25 tsp",1. Place potato & vegetables on puris. 2. Top with chutney & sev. Serve immediately.,10 min,0 min,10 min,2,"{""calories"": 160, ""protein"": 3g, ""fat"": 6g, ""carbs"": 25g, ""sugar"": 5g, ""fiber"": 3g, ""sodium"": 200mg, ""vitamins"": {""A"": ""50 IU"", ""C"": ""10 mg""}}",vegetarian,gluten,"{""sev"": [""crispy chickpea noodles""]}",Vegetarian
Dahi Puri,"puri 10 pcs, yogurt 100ml, boiled potato 50g, onion 1, tamarind chutney 2 tbsp, chili 0.25 tsp",1. Fill puris with potato & onion. 2. Pour yogurt & chutney on top. 3. Serve immediately.,10 min,0 min,10 min,2,"{""calories"": 120, ""protein"": 4g, ""fat"": 3g, ""carbs"": 20g, ""sugar"": 5g, ""fiber"": 2g, ""sodium"": 150mg, ""vitamins"": {""A"": ""50 IU"", ""C"": ""5 mg""}}",vegetarian,"dairy, gluten","{""yogurt"": [""soy yogurt"", ""coconut yogurt""], ""puris"": [""rice flour puris""]}",Vegetarian
Ragda Patties,"potato 150g, white peas 100g, onion 1, tomato 1, chili 0.5 tsp, turmeric 0.25 tsp, oil 1 tbsp, salt 1 tsp","1. Boil & mash potatoes, shape patties, shallow fry 5 min. 2. Cook peas with spices to make ragda. 3. Serve patties with ragda.",15 min,15 min,30 min,4,"{""calories"": 280, ""protein"": 8g, ""fat"": 10g, ""carbs"": 40g, ""sugar"": 4g, ""fiber"": 6g, ""sodium"": 250mg, ""vitamins"": {""A"": ""50 IU"", ""C"": ""15 mg""}}",vegetarian,gluten,"{""oil"": [""olive oil"", ""sunflower oil""]}",Vegetarian
Mirchi Bajji,"large green chili 6, gram flour 100g, salt 0.5 tsp, water 50ml, oil 1 cup",1. Slice chilies & remove seeds. 2. Coat with gram flour batter. 3. Fry 5 min until golden.,10 min,10 min,20 min,4,"{""calories"": 200, ""protein"": 5g, ""fat"": 10g, ""carbs"": 25g, ""sugar"": 2g, ""fiber"": 4g, ""sodium"": 150mg, ""vitamins"": {""A"": ""100 IU"", ""C"": ""30 mg""}}",vegan,gluten,"{""gram flour"": [""chickpea flour""], ""oil"": [""olive oil""]}",Vegetarian
Corn Chaat,"boiled corn 100g, onion 1, tomato 1, chili 0.25 tsp, lemon juice 1 tsp, coriander 1 tsp, chaat masala 0.5 tsp",1. Mix all ingredients & serve chilled.,5 min,0 min,5 min,2,"{""calories"": 120, ""protein"": 3g, ""fat"": 2g, ""carbs"": 25g, ""sugar"": 4g, ""fiber"": 4g, ""sodium"": 150mg, ""vitamins"": {""A"": ""50 IU"", ""C"": ""15 mg""}}","vegan, gluten-free",none,"{""corn"": [""boiled chickpeas""]}",Vegetarian
Jhalmuri,"puffed rice 100g, mustard oil 1 tsp, chili 0.25 tsp, coriander 1 tsp, onion 1, peanuts 20g, salt 0.5 tsp",1. Mix all ingredients & serve immediately.,5 min,0 min,5 min,2,"{""calories"": 180, ""protein"": 4g, ""fat"": 8g, ""carbs"": 25g, ""sugar"": 2g, ""fiber"": 3g, ""sodium"": 200mg, ""vitamins"": {""A"": ""50 IU"", ""C"": ""5 mg""}}",vegan,nuts,"{""mustard oil"": [""olive oil""], ""peanuts"": [""roasted chickpeas""]}",Vegetarian
Khakhra,"whole wheat flour 100g, oil 1 tsp, salt 0.5 tsp, water 50ml","1. Knead dough, roll thin, roast on tawa 3–4 min each side.",10 min,8 min,18 min,4,"{""calories"": 120, ""protein"": 4g, ""fat"": 2g, ""carbs"": 22g, ""sugar"": 0g, ""fiber"": 4g, ""sodium"": 100mg, ""vitamins"": {""A"": ""0 IU"", ""C"": ""0 mg""}}","vegan, gluten",gluten,"{""whole wheat flour"": [""millet flour"", ""rice flour""], ""oil"": [""olive oil""]}",Vegetarian
Chikki,"jaggery 100g, peanuts 50g","1. Melt jaggery, mix peanuts & spread thin. 2. Cool & cut into pieces.",5 min,10 min,15 min,4,"{""calories"": 300, ""protein"": 8g, ""fat"": 15g, ""carbs"": 35g, ""sugar"": 30g, ""fiber"": 2g, ""sodium"": 20mg, ""vitamins"": {""A"": ""0 IU"", ""C"": ""0 mg""}}","vegan, gluten-free",nuts,"{""peanuts"": [""roasted chickpeas""]}",Vegetarian
Gajak,"sesame seeds 50g, jaggery 100g","1. Roast sesame seeds, mix with melted jaggery. 2. Spread thin & cool. Cut into pieces.",5 min,10 min,15 min,4,"{""calories"": 320, ""protein"": 8g, ""fat"": 18g, ""carbs"": 35g, ""sugar"": 30g, ""fiber"": 3g, ""sodium"": 20mg, ""vitamins"": {""A"": ""0 IU"", ""C"": ""0 mg""}}","vegan, gluten-free",nuts,"{""sesame seeds"": [""sunflower seeds""]}",Vegetarian
Litti Chokha,"whole wheat flour 150g, sattu 100g, spices 1 tsp, potato 150g, tomato 1, mustard oil 1 tbsp, salt 1 tsp",1. Knead dough & shape littis with sattu filling. 2. Bake/grill 20 min. 3. Boil potatoes & tomatoes for chokha.,20 min,25 min,45 min,4,"{""calories"": 400, ""protein"": 12g, ""fat"": 15g, ""carbs"": 50g, ""sugar"": 5g, ""fiber"": 8g, ""sodium"": 250mg, ""vitamins"": {""A"": ""50 IU"", ""C"": ""15 mg""}}",vegetarian,gluten,"{""whole wheat flour"": [""millet flour""], ""mustard oil"": [""olive oil""]}",Non-Vegetarian
Fish Curry,"fish 250g, onion 1, tomato 1, garlic 1 clove, ginger 1 tsp, turmeric 0.5 tsp, chili 1, mustard oil 1 tbsp, salt 1 tsp","1. Sauté onion, garlic, ginger in oil. 2. Add tomato & spices, cook 5 min. 3. Add fish & simmer 10 min.",10 min,15 min,25 min,4,"{""calories"": 250, ""protein"": 25g, ""fat"": 12g, ""carbs"": 8g, ""sugar"": 2g, ""fiber"": 2g, ""sodium"": 300mg, ""vitamins"": {""A"": ""100 IU"", ""C"": ""10 mg""}}",gluten-free,fish,"{""mustard oil"": [""olive oil""]}",Non-Vegetarian
Egg Curry,"eggs 4, onion 1, tomato 1, garlic 1 clove, ginger 1 tsp, turmeric 0.5 tsp, chili 1, oil 1 tbsp, salt 1 tsp","1. Boil eggs & peel. 2. Sauté onion, garlic, ginger in oil. 3. Add tomato & spices, cook 5 min. 4. Add eggs & simmer 5 min.",10 min,15 min,25 min,4,"{""calories"": 200, ""protein"": 12g, ""fat"": 12g, ""carbs"": 5g, ""sugar"": 2g, ""fiber"": 1g, ""sodium"": 250mg, ""vitamins"": {""A"": ""100 IU"", ""C"": ""5 mg""}}",gluten-free,eggs,"{""oil"": [""olive oil""]}",Vegetarian
Lauki ki Sabzi (Bottle Gourd Curry),"Lauki 1 medium, onion 1, tomato 2, garlic 2 cloves, ginger 1 tsp, cumin 1 tsp, turmeric 0.5 tsp, chili powder 0.5 tsp, oil 1 tbsp, salt 1 tsp","1. Peel & chop lauki. 2. Sauté onion, garlic, ginger in oil. 3. Add tomato & spices, cook 5 min. 4. Add lauki & simmer 15 min until soft.",10 min,20 min,30 min,4,"{""calories"": 120, ""protein"": 3g, ""fat"": 5g, ""carbs"": 15g, ""sugar"": 7g, ""fiber"": 4g, ""sodium"": 250mg, ""vitamins"": {""A"": ""200 IU"", ""C"": ""15 mg""}}","vegetarian, gluten-free",lauki,"{""oil"": [""olive oil""]}",Vegetarian
Dum Aloo,"Baby potatoes 500g, onion 1, tomato 1, garlic 2 cloves, ginger 1 tsp, yogurt 2 tbsp, turmeric 0.5 tsp, garam masala 0.5 tsp, oil 2 tbsp, salt 1 tsp","1. Boil potatoes & peel. 2. Fry potatoes lightly in oil. 3. Sauté onion, garlic, ginger. 4. Add tomato, spices & yogurt, simmer 10 min. 5. Add potatoes & cook 10 min on low flame.",15 min,25 min,40 min,4,"{""calories"": 220, ""protein"": 5g, ""fat"": 12g, ""carbs"": 25g, ""sugar"": 4g, ""fiber"": 3g, ""sodium"": 300mg, ""vitamins"": {""A"": ""100 IU"", ""C"": ""10 mg""}}","vegetarian, gluten-free",potato,"{""oil"": [""olive oil""], ""yogurt"": [""coconut yogurt""]}",Vegetarian
Tinda Masala (Indian Round Gourd),"Tinda 4, onion 1, tomato 1, garlic 1 clove, ginger 1 tsp, cumin 1 tsp, turmeric 0.5 tsp, chili powder 0.5 tsp, oil 1 tbsp, salt 1 tsp","1. Chop tindas. 2. Sauté onion, garlic, ginger in oil. 3. Add tomato & spices, cook 5 min. 4. Add tinda & simmer 15 min.",10 min,20 min,30 min,4,"{""calories"": 110, ""protein"": 3g, ""fat"": 4g, ""carbs"": 14g, ""sugar"": 6g, ""fiber"": 4g, ""sodium"": 250mg, ""vitamins"": {""A"": ""200 IU"", ""C"": ""15 mg""}}","vegetarian, gluten-free",tinda,"{""oil"": [""olive oil""]}",Vegetarian
Paneer Tikka Masala,"Paneer 250g, onion 1, tomato 2, garlic 2 cloves, ginger 1 tsp, cream 2 tbsp, turmeric 0.5 tsp, garam masala 0.5 tsp, chili 1, oil 1 tbsp, salt 1 tsp","1. Cube paneer & marinate with spices. 2. Grill or pan-fry paneer. 3. Sauté onion, garlic, ginger. 4. Add tomato & spices, cook 5 min. 5. Add paneer & cream, simmer 5 min.",15 min,20 min,35 min,4,"{""calories"": 350, ""protein"": 18g, ""fat"": 25g, ""carbs"": 10g, ""sugar"": 5g, ""fiber"": 2g, ""sodium"": 300mg, ""vitamins"": {""A"": ""300 IU"", ""C"": ""15 mg""}}","vegetarian, gluten-free",paneer,"{""oil"": [""olive oil""], ""cream"": [""coconut cream""]}",Non-Vegetarian
Rogan Josh (Lamb Curry),"Lamb 500g, onion 2, tomato 2, garlic 3 cloves, ginger 1 tbsp, yogurt 2 tbsp, turmeric 0.5 tsp, garam masala 1 tsp, chili powder 1 tsp, oil 2 tbsp, salt 1 tsp","1. Sauté onion, garlic, ginger in oil. 2. Add tomato & spices, cook 5 min. 3. Add lamb & yogurt, simmer 40 min until tender.",15 min,45 min,60 min,4,"{""calories"": 400, ""protein"": 35g, ""fat"": 28g, ""carbs"": 8g, ""sugar"": 4g, ""fiber"": 2g, ""sodium"": 350mg, ""vitamins"": {""A"": ""200 IU"", ""C"": ""10 mg""}}","gluten-free, non-vegetarian",lamb,"{""oil"": [""olive oil""], ""yogurt"": [""coconut yogurt""]}",Non-Vegetarian
Mutton Korma,"Mutton 500g, onion 2, tomato 1, garlic 3 cloves, ginger 1 tbsp, yogurt 2 tbsp, cashew paste 3 tbsp, turmeric 0.5 tsp, garam masala 1 tsp, oil 2 tbsp, salt 1 tsp","1. Sauté onion, garlic, ginger in oil. 2. Add tomato & spices. 3. Add mutton, yogurt, cashew paste. 4. Simmer 45 min until tender.",15 min,50 min,65 min,4,"{""calories"": 450, ""protein"": 38g, ""fat"": 30g, ""carbs"": 12g, ""sugar"": 5g, ""fiber"": 3g, ""sodium"": 350mg, ""vitamins"": {""A"": ""200 IU"", ""C"": ""10 mg""}}","gluten-free, non-vegetarian",mutton,"{""oil"": [""olive oil""], ""yogurt"": [""coconut yogurt""], ""cashew paste"": [""almond paste""]}",Non-Vegetarian
Keema (Minced Meat Curry),"Minced meat 500g, onion 1, tomato 1, garlic 2 cloves, ginger 1 tsp, peas 100g, turmeric 0.5 tsp, garam masala 0.5 tsp, chili 1, oil 1 tbsp, salt 1 tsp","1. Sauté onion, garlic, ginger in oil. 2. Add tomato & spices, cook 5 min. 3. Add minced meat & peas, simmer 20 min.",10 min,25 min,35 min,4,"{""calories"": 380, ""protein"": 32g, ""fat"": 25g, ""carbs"": 10g, ""sugar"": 4g, ""fiber"": 3g, ""sodium"": 300mg, ""vitamins"": {""A"": ""100 IU"", ""C"": ""8 mg""}}","gluten-free, non-vegetarian",minced meat,"{""oil"": [""olive oil""], ""peas"": [""green beans""]}",Non-Vegetarian
Goan Prawn Curry,"Prawns 500g, coconut milk 1 cup, onion 1, tomato 1, garlic 2 cloves, ginger 1 tsp, turmeric 0.5 tsp, chili powder 1 tsp, oil 2 tbsp, salt 1 tsp","1. Sauté onion, garlic, ginger in oil. 2. Add tomato & spices, cook 5 min. 3. Add prawns & coconut milk, simmer 10 min.",10 min,15 min,25 min,4,"{""calories"": 280, ""protein"": 30g, ""fat"": 18g, ""carbs"": 6g, ""sugar"": 2g, ""fiber"": 2g, ""sodium"": 350mg, ""vitamins"": {""A"": ""100 IU"", ""C"": ""10 mg""}}","gluten-free, non-vegetarian",prawns,"{""oil"": [""olive oil""], ""coconut milk"": [""almond milk""]}",Non-Vegetarian
Crab Masala,"Crab 500g, onion 2, tomato 2, garlic 3 cloves, ginger 1 tbsp, chili 1, turmeric 0.5 tsp, coriander powder 1 tsp, oil 2 tbsp, salt 1 tsp","1. Sauté onion, garlic, ginger in oil. 2. Add tomato & spices. 3. Add crab, simmer 15 min until cooked.",15 min,20 min,35 min,4,"{""calories"": 300, ""protein"": 32g, ""fat"": 18g, ""carbs"": 8g, ""sugar"": 3g, ""fiber"": 2g, ""sodium"": 400mg, ""vitamins"": {""A"": ""120 IU"", ""C"": ""12 mg""}}","gluten-free, non-vegetarian",crab,"{""oil"": [""olive oil""]}",Non-Vegetarian
Fish Rawa Fry,"Fish fillets 500g, semolina 4 tbsp, turmeric 0.5 tsp, chili 0.5 tsp, salt 1 tsp, oil 3 tbsp","1. Marinate fish with turmeric, chili & salt. 2. Coat with semolina. 3. Shallow fry in oil until golden, 5-7 min each side.",10 min,15 min,25 min,4,"{""calories"": 320, ""protein"": 35g, ""fat"": 20g, ""carbs"": 6g, ""sugar"": 1g, ""fiber"": 1g, ""sodium"": 300mg, ""vitamins"": {""A"": ""100 IU"", ""C"": ""2 mg""}}","gluten-containing (semolina), non-vegetarian",fish,"{""semolina"": [""rice flour""], ""oil"": [""olive oil""]}",Non-Vegetarian
Malabar Fish Curry,"Fish 500g, coconut milk 1 cup, onion 1, tomato 1, garlic 2 cloves, ginger 1 tsp, green chili 1, turmeric 0.5 tsp, curry leaves 8, oil 2 tbsp, salt 1 tsp","1. Sauté onion, garlic, ginger in oil. 2. Add tomato, chili & spices. 3. Add fish & coconut milk, simmer 10-12 min.",10 min,15 min,25 min,4,"{""calories"": 290, ""protein"": 32g, ""fat"": 18g, ""carbs"": 5g, ""sugar"": 2g, ""fiber"": 2g, ""sodium"": 350mg, ""vitamins"": {""A"": ""100 IU"", ""C"": ""10 mg""}}","gluten-free, non-vegetarian",fish,"{""oil"": [""olive oil""], ""coconut milk"": [""soy milk""]}",Non-Vegetarian
Fish Pakora,"Fish 500g, gram flour 4 tbsp, turmeric 0.5 tsp, chili 0.5 tsp, salt 1 tsp, oil 3 tbsp, water 3 tbsp","1. Mix gram flour, turmeric, chili & salt with water to make batter. 2. Dip fish pieces in batter & deep fry until golden.",10 min,15 min,25 min,4,"{""calories"": 350, ""protein"": 35g, ""fat"": 22g, ""carbs"": 8g, ""sugar"": 1g, ""fiber"": 2g, ""sodium"": 320mg, ""vitamins"": {""A"": ""100 IU"", ""C"": ""2 mg""}}","gluten-free, non-vegetarian",fish,"{""gram flour"": [""rice flour""], ""oil"": [""olive oil""]}",Non-Vegetarian
Fish Tikka,"Fish 500g, yogurt 2 tbsp, turmeric 0.5 tsp, chili 1 tsp, garam masala 0.5 tsp, lemon juice 1 tbsp, oil 1 tbsp, salt 1 tsp","1. Marinate fish with yogurt, spices & lemon juice 30 min. 2. Grill or pan-fry until cooked, 8-10 min each side.",10 min,15 min,25 min,4,"{""calories"": 280, ""protein"": 34g, ""fat"": 15g, ""carbs"": 4g, ""sugar"": 2g, ""fiber"": 1g, ""sodium"": 300mg, ""vitamins"": {""A"": ""80 IU"", ""C"": ""3 mg""}}","gluten-free, non-vegetarian",fish,"{""yogurt"": [""coconut yogurt""], ""oil"": [""olive oil""]}",Non-Vegetarian
Prawn Fry,"Prawns 500g, turmeric 0.5 tsp, chili 1 tsp, garlic 2 cloves, oil 2 tbsp, salt 1 tsp","1. Marinate prawns with turmeric, chili & salt 10 min. 2. Sauté garlic in oil. 3. Fry prawns until pink & cooked, 5-7 min.",10 min,10 min,20 min,4,"{""calories"": 260, ""protein"": 30g, ""fat"": 14g, ""carbs"": 2g, ""sugar"": 1g, ""fiber"": 1g, ""sodium"": 300mg, ""vitamins"": {""A"": ""50 IU"", ""C"": ""2 mg""}}","gluten-free, non-vegetarian",prawns,"{""oil"": [""olive oil""]}",Non-Vegetarian
Fish Amritsari,"Fish 500g, gram flour 4 tbsp, carom seeds 0.5 tsp, chili 0.5 tsp, turmeric 0.5 tsp, salt 1 tsp, oil 3 tbsp, water 3 tbsp","1. Make thick batter with gram flour, spices & water. 2. Coat fish pieces & deep fry until crisp.",10 min,15 min,25 min,4,"{""calories"": 360, ""protein"": 36g, ""fat"": 22g, ""carbs"": 8g, ""sugar"": 1g, ""fiber"": 2g, ""sodium"": 320mg, ""vitamins"": {""A"": ""80 IU"", ""C"": ""2 mg""}}","gluten-free, non-vegetarian",fish,"{""gram flour"": [""rice flour""], ""oil"": [""olive oil""]}",Non-Vegetarian
Calamari (Squid) Fry,"Calamari 500g, turmeric 0.5 tsp, chili 1 tsp, garlic 2 cloves, oil 2 tbsp, salt 1 tsp","1. Clean & slice calamari. 2. Marinate with turmeric, chili & salt 10 min. 3. Sauté garlic in oil. 4. Fry calamari 5-7 min until cooked.",10 min,10 min,20 min,4,"{""calories"": 250, ""protein"": 30g, ""fat"": 12g, ""carbs"": 2g, ""sugar"": 1g, ""fiber"": 1g, ""sodium"": 280mg, ""vitamins"": {""A"": ""50 IU"", ""C"": ""2 mg""}}","gluten-free, non-vegetarian",calamari,"{""oil"": [""olive oil""]}",Non-Vegetarian
Rasgulla,"Milk 1L, lemon juice 2 tbsp, sugar 2 cups, water 4 cups, cardamom 2 pods","1. Boil milk & curdle with lemon juice. 2. Drain curds, knead smooth. 3. Shape balls. 4. Boil sugar syrup, add balls, cook 15 min.",15 min,20 min,35 min,4,"{""calories"": 180, ""protein"": 6g, ""fat"": 5g, ""carbs"": 30g, ""sugar"": 28g, ""fiber"": 0g, ""sodium"": 50mg, ""vitamins"": {""A"": ""50 IU"", ""C"": ""0 mg""}}","vegetarian, gluten-free",milk,"{""milk"": [""almond milk""], ""sugar"": [""stevia""]}",Vegetarian
Kheer (Rice Pudding),"Basmati rice 1/2 cup, milk 1L, sugar 1/2 cup, cardamom 2 pods, saffron 5 strands, almonds 10","1. Boil milk, add rice. 2. Simmer 25 min. 3. Add sugar, saffron, almonds, cook 5 min.",10 min,30 min,40 min,4,"{""calories"": 250, ""protein"": 8g, ""fat"": 7g, ""carbs"": 40g, ""sugar"": 25g, ""fiber"": 1g, ""sodium"": 60mg, ""vitamins"": {""A"": ""80 IU"", ""C"": ""0 mg""}}","vegetarian, gluten-free",milk,"{""milk"": [""soy milk""], ""sugar"": [""coconut sugar""]}",Vegetarian
Sandesh,"Paneer 250g, sugar 1/4 cup, cardamom 1/2 tsp, pistachios 1 tbsp","1. Crumble paneer, knead smooth. 2. Mix sugar & cardamom. 3. Shape into small pieces, top with pistachios.",10 min,0 min,10 min,4,"{""calories"": 120, ""protein"": 6g, ""fat"": 6g, ""carbs"": 12g, ""sugar"": 10g, ""fiber"": 0g, ""sodium"": 20mg, ""vitamins"": {""A"": ""50 IU"", ""C"": ""0 mg""}}","vegetarian, gluten-free",paneer,"{""paneer"": [""tofu""], ""sugar"": [""stevia""]}",Vegetarian
Modak (Steamed Sweet Dumplings),"Rice flour 1 cup, jaggery 1/2 cup, grated coconut 1/2 cup, cardamom 1/2 tsp, ghee 1 tsp",1. Make dough with rice flour & water. 2. Fill with jaggery-coconut mix. 3. Shape dumplings. 4. Steam 10-12 min.,15 min,15 min,30 min,4,"{""calories"": 150, ""protein"": 2g, ""fat"": 5g, ""carbs"": 28g, ""sugar"": 15g, ""fiber"": 2g, ""sodium"": 10mg, ""vitamins"": {""A"": ""20 IU"", ""C"": ""0 mg""}}","vegetarian, gluten-free",rice flour,"{""jaggery"": [""brown sugar""], ""coconut"": [""almond meal""]}",Vegetarian
Kulfi,"Milk 1L, sugar 1/2 cup, cardamom 1 tsp, pistachios 10, saffron 5 strands","1. Boil milk, reduce to half. 2. Add sugar, cardamom, saffron & nuts. 3. Pour in molds, freeze 6 hrs.",10 min,40 min,6 hr 10 min,4,"{""calories"": 230, ""protein"": 8g, ""fat"": 12g, ""carbs"": 25g, ""sugar"": 20g, ""fiber"": 1g, ""sodium"": 50mg, ""vitamins"": {""A"": ""120 IU"", ""C"": ""0 mg""}}","vegetarian, gluten-free",milk,"{""milk"": [""almond milk""], ""sugar"": [""stevia""]}",Vegetarian
Rabri,"Milk 1L, sugar 1/2 cup, cardamom 2 pods, saffron 5 strands, almonds 10","1. Boil milk, reduce to thick consistency, stirring constantly. 2. Add sugar, cardamom, saffron & almonds.",10 min,50 min,1 hr,4,"{""calories"": 270, ""protein"": 9g, ""fat"": 12g, ""carbs"": 30g, ""sugar"": 25g, ""fiber"": 1g, ""sodium"": 60mg, ""vitamins"": {""A"": ""150 IU"", ""C"": ""0 mg""}}","vegetarian, gluten-free",milk,"{""milk"": [""coconut milk""], ""sugar"": [""coconut sugar""]}",Vegetarian
Soan Papdi,"Gram flour 1 cup, sugar 1 cup, ghee 2 tbsp, cardamom 1 tsp, milk 1/4 cup","1. Roast gram flour in ghee. 2. Boil sugar & milk to form syrup. 3. Mix with flour, pull to form flaky texture.",15 min,20 min,35 min,6,"{""calories"": 150, ""protein"": 3g, ""fat"": 6g, ""carbs"": 20g, ""sugar"": 15g, ""fiber"": 1g, ""sodium"": 20mg, ""vitamins"": {""A"": ""40 IU"", ""C"": ""0 mg""}}",vegetarian,gram flour,"{""gram flour"": [""almond flour""], ""sugar"": [""stevia""]}",Vegetarian
Kaju Katli,"Cashews 1 cup, sugar 1/2 cup, water 1/4 cup, ghee 1 tsp, cardamom 1/2 tsp","1. Grind cashews to fine powder. 2. Boil sugar & water, add cashews, cook to dough. 3. Roll, cut diamond shapes.",10 min,15 min,25 min,4,"{""calories"": 120, ""protein"": 3g, ""fat"": 8g, ""carbs"": 12g, ""sugar"": 10g, ""fiber"": 1g, ""sodium"": 10mg, ""vitamins"": {""A"": ""20 IU"", ""C"": ""0 mg""}}","vegetarian, gluten-free",cashews,"{""cashews"": [""almonds""], ""sugar"": [""stevia""]}",Vegetarian
Malpua,"All-purpose flour 1 cup, sugar 1/2 cup, milk 1/2 cup, cardamom 1/2 tsp, ghee 3 tbsp, water 1/4 cup","1. Mix flour, sugar, milk, water & cardamom to batter. 2. Fry pancakes in ghee until golden. 3. Serve with syrup.",10 min,15 min,25 min,4,"{""calories"": 220, ""protein"": 4g, ""fat"": 10g, ""carbs"": 30g, ""sugar"": 20g, ""fiber"": 1g, ""sodium"": 40mg, ""vitamins"": {""A"": ""50 IU"", ""C"": ""0 mg""}}",vegetarian,all-purpose flour,"{""all-purpose flour"": [""rice flour""], ""sugar"": [""stevia""]}",Vegetarian
Dal Pitha,"Rice flour 1 cup, chana dal 1/2 cup, ginger 1 tsp, green chili 1, salt to taste, oil 2 tsp","1. Soak chana dal 2 hrs. 2. Grind with spices to paste. 3. Make rice flour dough, stuff with dal paste. 4. Steam 15 min.",20 min,15 min,35 min,4,"{""calories"": 180, ""protein"": 6g, ""fat"": 3g, ""carbs"": 32g, ""sugar"": 1g, ""fiber"": 4g, ""sodium"": 200mg}","vegetarian, gluten-free",legumes,"{""chana dal"": [""moong dal""], ""rice flour"": [""millet flour""]}",Vegetarian
Thekua,"Whole wheat flour 1 cup, jaggery 1/2 cup, ghee 2 tbsp, cardamom 1/2 tsp","1. Mix flour, jaggery & ghee to dough. 2. Shape small discs. 3. Deep-fry in ghee until golden.",10 min,15 min,25 min,4,"{""calories"": 250, ""protein"": 5g, ""fat"": 10g, ""carbs"": 35g, ""sugar"": 15g, ""fiber"": 3g, ""sodium"": 10mg}",vegetarian,gluten,"{""whole wheat flour"": [""rice flour""], ""ghee"": [""coconut oil""]}",Vegetarian
Sattu Paratha,"Whole wheat flour 1 cup, sattu flour 1/2 cup, green chili 1, coriander 1 tbsp, salt to taste, ghee 1 tsp","1. Mix wheat flour & water to dough. 2. Prepare sattu filling with spices. 3. Stuff dough, roll, cook on tawa with ghee.",15 min,10 min,25 min,4,"{""calories"": 220, ""protein"": 7g, ""fat"": 6g, ""carbs"": 35g, ""sugar"": 1g, ""fiber"": 5g, ""sodium"": 150mg}",vegetarian,gluten,"{""whole wheat flour"": [""millet flour""], ""ghee"": [""olive oil""]}",Vegetarian
Aloo Tamaatar Ki Sabzi,"Potatoes 2, tomatoes 2, onion 1, garlic 2 cloves, cumin 1 tsp, turmeric 1/2 tsp, oil 2 tsp","1. Saute onion & garlic. 2. Add spices & tomatoes, cook 5 min. 3. Add potatoes & water, simmer 15 min.",10 min,20 min,30 min,4,"{""calories"": 150, ""protein"": 3g, ""fat"": 4g, ""carbs"": 25g, ""sugar"": 5g, ""fiber"": 4g, ""sodium"": 120mg}","vegetarian, vegan, gluten-free",nightshade vegetables,"{""potatoes"": [""sweet potatoes""], ""tomatoes"": [""roasted pumpkin""]}",Vegetarian
Balushahi,"All-purpose flour 1 cup, ghee 2 tbsp, yogurt 2 tbsp, sugar 1/2 cup, baking soda 1/4 tsp","1. Mix flour, ghee & yogurt to dough. 2. Shape discs. 3. Fry until golden. 4. Dip in sugar syrup.",15 min,20 min,35 min,4,"{""calories"": 300, ""protein"": 4g, ""fat"": 15g, ""carbs"": 40g, ""sugar"": 25g, ""fiber"": 1g, ""sodium"": 50mg}",vegetarian,"gluten, dairy","{""all-purpose flour"": [""rice flour""], ""ghee"": [""coconut oil""], ""yogurt"": [""soy yogurt""]}",Vegetarian
Karimeen Pollichathu,"Pearl spot fish 500g, coconut oil 2 tsp, ginger-garlic paste 1 tsp, green chili 1, turmeric 1/2 tsp, curry leaves 1 sprig, salt to taste","1. Marinate fish with spices 30 min. 2. Wrap in banana leaf, cook on pan with coconut oil 10 min per side.",10 min,20 min,30 min,4,"{""calories"": 250, ""protein"": 35g, ""fat"": 12g, ""carbs"": 2g, ""sugar"": 0g, ""fiber"": 0g, ""sodium"": 150mg}",gluten-free,seafood,"{""coconut oil"": [""olive oil""]}",Non-Vegetarian
Meen Moilee,"Fish 500g, coconut milk 1 cup, turmeric 1/2 tsp, green chili 1, ginger-garlic paste 1 tsp, curry leaves 1 sprig","1. Heat spices in coconut milk. 2. Add fish, simmer 10 min.",10 min,15 min,25 min,4,"{""calories"": 280, ""protein"": 35g, ""fat"": 15g, ""carbs"": 3g, ""sugar"": 1g, ""fiber"": 0g, ""sodium"": 180mg}",gluten-free,seafood,"{""coconut milk"": [""almond milk""]}",Non-Vegetarian
Chemmeen Curry,"Prawns 500g, coconut milk 1 cup, red chili powder 1 tsp, turmeric 1/2 tsp, curry leaves, oil 1 tsp","1. Saute spices in oil. 2. Add prawns & coconut milk, simmer 10 min.",10 min,15 min,25 min,4,"{""calories"": 260, ""protein"": 32g, ""fat"": 12g, ""carbs"": 4g, ""sugar"": 1g, ""fiber"": 0g, ""sodium"": 200mg}",gluten-free,seafood,"{""coconut milk"": [""soy milk""]}",Non-Vegetarian
Fish Molee with Appam,"Fish 500g, coconut milk 1 cup, turmeric 1/2 tsp, ginger 1 tsp, curry leaves, rice flour 1 cup (for appam), water","1. Cook fish in coconut milk with spices 10 min. 2. Prepare appam batter, ferment 6 hrs, cook pancakes on tawa.",15 min,25 min,6 hr 40 min,4,"{""calories"": 300, ""protein"": 36g, ""fat"": 15g, ""carbs"": 20g, ""sugar"": 1g, ""fiber"": 1g, ""sodium"": 150mg}",gluten-free,"seafood, rice","{""coconut milk"": [""almond milk""], ""rice flour"": [""millet flour""]}",Non-Vegetarian
Fish Kulambu,"Fish 500g, tamarind pulp 2 tbsp, chili powder 1 tsp, turmeric 1/2 tsp, curry leaves 1 sprig, oil 1 tsp","1. Heat oil, add spices & tamarind. 2. Add fish, simmer 10 min.",10 min,15 min,25 min,4,"{""calories"": 250, ""protein"": 35g, ""fat"": 10g, ""carbs"": 3g, ""sugar"": 0g, ""fiber"": 1g, ""sodium"": 180mg}",gluten-free,seafood,"{""tamarind pulp"": [""lemon juice""]}",Non-Vegetarian
Bangda Curry,"Mackerel 500g, onion 1, tomato 1, chili powder 1 tsp, turmeric 1/2 tsp, oil 1 tsp","1. Saute onion & tomato. 2. Add spices & fish, cook 10-12 min.",10 min,15 min,25 min,4,"{""calories"": 260, ""protein"": 36g, ""fat"": 12g, ""carbs"": 3g, ""sugar"": 2g, ""fiber"": 1g, ""sodium"": 150mg}",gluten-free,seafood,"{""oil"": [""olive oil""]}",Non-Vegetarian
Mangalorean Fish Curry,"Fish 500g, coconut milk 1 cup, tamarind 1 tbsp, red chili 1 tsp, turmeric 1/2 tsp, oil 1 tsp","1. Boil coconut milk with spices & tamarind. 2. Add fish, simmer 10 min.",10 min,15 min,25 min,4,"{""calories"": 280, ""protein"": 35g, ""fat"": 14g, ""carbs"": 3g, ""sugar"": 1g, ""fiber"": 0g, ""sodium"": 180mg}",gluten-free,seafood,"{""coconut milk"": [""almond milk""], ""tamarind"": [""lemon juice""]}",Non-Vegetarian
Prawn Gassi,"Prawns 500g, coconut 1/2 cup, coriander 2 tbsp, chili 1 tsp, turmeric 1/2 tsp, oil 1 tsp",1. Grind coconut & coriander to paste. 2. Saute with spices & prawns 10 min.,10 min,15 min,25 min,4,"{""calories"": 270, ""protein"": 32g, ""fat"": 14g, ""carbs"": 3g, ""sugar"": 1g, ""fiber"": 1g, ""sodium"": 180mg}",gluten-free,seafood,"{""coconut"": [""almond meal""], ""oil"": [""olive oil""]}",Non-Vegetarian
Clam/Mussel Curry,"Clams 500g, coconut milk 1 cup, green chili 1, turmeric 1/2 tsp, garlic 1 tsp, oil 1 tsp","1. Saute spices & garlic in oil. 2. Add clams & coconut milk, simmer 10 min.",10 min,15 min,25 min,4,"{""calories"": 260, ""protein"": 35g, ""fat"": 12g, ""carbs"": 2g, ""sugar"": 0g, ""fiber"": 1g, ""sodium"": 200mg}",gluten-free,seafood,"{""coconut milk"": [""soy milk""]}",Non-Vegetarian
Veg Hakka Noodles,"Hakka noodles 200g, cabbage 1 cup, carrot 1 cup, capsicum 1, soy sauce 2 tbsp, sesame oil 1 tsp, garlic 1 tsp","1. Boil noodles. 2. Stir-fry vegetables in sesame oil & garlic. 3. Add noodles & soy sauce, toss 2-3 min.",10 min,10 min,20 min,4,"{""calories"": 280, ""protein"": 7g, ""fat"": 8g, ""carbs"": 45g, ""sugar"": 5g, ""fiber"": 5g, ""sodium"": 800mg}",vegetarian,"soy, gluten","{""soy sauce"": [""tamari""], ""noodles"": [""rice noodles""]}",Vegetarian
Chicken Manchurian,"Chicken 500g, cornflour 2 tbsp, soy sauce 1 tbsp, chili sauce 2 tbsp, garlic 1 tsp, oil 2 tsp","1. Coat chicken with cornflour, shallow fry. 2. Prepare sauce with soy & chili, add chicken, toss 3-5 min.",15 min,15 min,30 min,4,"{""calories"": 350, ""protein"": 35g, ""fat"": 15g, ""carbs"": 25g, ""sugar"": 6g, ""fiber"": 1g, ""sodium"": 900mg}",gluten-free option,"soy, gluten","{""soy sauce"": [""tamari""], ""cornflour"": [""rice flour""]}",Non-Vegetarian
Chilli Paneer,"Paneer 250g, bell peppers 1 cup, onion 1, garlic 1 tsp, soy sauce 1 tbsp, chili sauce 1 tbsp, oil 1 tsp","1. Cube paneer, shallow fry. 2. Stir-fry vegetables & sauces 3-4 min. 3. Toss paneer, serve hot.",10 min,15 min,25 min,4,"{""calories"": 320, ""protein"": 18g, ""fat"": 16g, ""carbs"": 20g, ""sugar"": 6g, ""fiber"": 3g, ""sodium"": 800mg}",vegetarian,"dairy, soy","{""paneer"": [""tofu""], ""soy sauce"": [""tamari""]}",Vegetarian
Fried Rice (Veg),"Cooked rice 2 cups, carrot 1/2 cup, peas 1/2 cup, capsicum 1/2 cup, soy sauce 1 tbsp, oil 1 tsp","1. Heat oil, stir-fry vegetables. 2. Add rice & soy sauce, toss 3-4 min.",10 min,10 min,20 min,4,"{""calories"": 250, ""protein"": 6g, ""fat"": 6g, ""carbs"": 45g, ""sugar"": 4g, ""fiber"": 4g, ""sodium"": 700mg}",vegetarian,"soy, gluten","{""soy sauce"": [""tamari""], ""rice"": [""quinoa""]}",Vegetarian
Hot & Sour Soup,"Mushrooms 1 cup, tofu 100g, vinegar 1 tbsp, soy sauce 1 tbsp, chili sauce 1 tsp, water 3 cups, cornflour 1 tsp","1. Boil water with vegetables & tofu. 2. Mix soy, vinegar & chili. 3. Thicken with cornflour slurry.",5 min,10 min,15 min,4,"{""calories"": 120, ""protein"": 5g, ""fat"": 3g, ""carbs"": 18g, ""sugar"": 3g, ""fiber"": 2g, ""sodium"": 600mg}","vegetarian, gluten-free option","soy, gluten","{""soy sauce"": [""tamari""], ""cornflour"": [""rice flour""]}",Vegetarian
Garlic Chicken,"Chicken 500g, garlic 2 tsp, soy sauce 1 tbsp, black pepper 1/2 tsp, oil 2 tsp",1. Marinate chicken with garlic & soy 15 min. 2. Stir-fry 8-10 min.,15 min,10 min,25 min,4,"{""calories"": 320, ""protein"": 35g, ""fat"": 14g, ""carbs"": 2g, ""sugar"": 0g, ""fiber"": 0g, ""sodium"": 700mg}",gluten-free,soy,"{""soy sauce"": [""tamari""]}",Non-Vegetarian
Schezwan Noodles,"Hakka noodles 200g, bell peppers 1/2 cup, cabbage 1/2 cup, Schezwan sauce 2 tbsp, oil 1 tsp","1. Boil noodles. 2. Stir-fry vegetables in oil. 3. Add noodles & Schezwan sauce, toss 2-3 min.",10 min,10 min,20 min,4,"{""calories"": 300, ""protein"": 6g, ""fat"": 7g, ""carbs"": 50g, ""sugar"": 5g, ""fiber"": 4g, ""sodium"": 850mg}",vegetarian,"soy, gluten","{""noodles"": [""rice noodles""], ""Schezwan sauce"": [""homemade chili-garlic sauce""]}",Vegetarian
Honey Chilli Potato,"Potatoes 250g, honey 1 tbsp, soy sauce 1 tsp, chili sauce 1 tsp, cornstarch 1 tbsp, oil 2 tsp","1. Fry potato sticks. 2. Toss in sauce of honey, soy, chili for 2-3 min.",10 min,15 min,25 min,4,"{""calories"": 280, ""protein"": 3g, ""fat"": 10g, ""carbs"": 45g, ""sugar"": 8g, ""fiber"": 3g, ""sodium"": 700mg}",vegetarian,"soy, gluten","{""soy sauce"": [""tamari""], ""cornstarch"": [""rice flour""]}",Vegetarian
Chicken Lollipop,"Chicken wings 500g, garlic 1 tsp, ginger 1 tsp, cornflour 2 tbsp, chili sauce 2 tbsp, oil 2 tsp",1. Marinate wings in spices & cornflour 30 min. 2. Fry 8-10 min. 3. Toss in chili sauce.,15 min,15 min,30 min,4,"{""calories"": 350, ""protein"": 35g, ""fat"": 16g, ""carbs"": 20g, ""sugar"": 5g, ""fiber"": 1g, ""sodium"": 800mg}",gluten-free option,"soy, gluten","{""cornflour"": [""rice flour""], ""soy sauce"": [""tamari""]}",Non-Vegetarian
Chole Bhature,"chickpeas 200g, onion 1, tomato 2, ginger 1 tsp, garlic 1 tsp, chole masala 2 tsp, bhatura dough 300g (maida, yogurt, oil)","1. Soak chickpeas overnight & boil. 2. Cook onion, tomato, spices. 3. Deep fry bhature.",15 min,30 min,45 min,4,"{""calories"": 420, ""protein"": 12g, ""fat"": 12g, ""carbs"": 68g, ""sugar"": 5g, ""fiber"": 9g, ""sodium"": 600mg}",vegetarian,"gluten, dairy","{""maida"": [""whole wheat flour""], ""yogurt"": [""plant-based yogurt""]}",Vegetarian
Aloo Tikki Chaat,"potatoes 300g, chaat masala 1 tsp, green chutney 2 tbsp, tamarind chutney 2 tbsp, yogurt 50g","1. Boil & mash potatoes, form tikkis, shallow fry. 2. Serve with chutneys, yogurt, chaat masala.",15 min,15 min,30 min,4,"{""calories"": 280, ""protein"": 6g, ""fat"": 10g, ""carbs"": 42g, ""sugar"": 6g, ""fiber"": 5g, ""sodium"": 500mg}","vegetarian, gluten-free",dairy,"{""yogurt"": [""soy yogurt""]}",Vegetarian
Papdi Chaat,"papdi 100g, potato 100g, yogurt 50g, tamarind chutney 2 tbsp, green chutney 2 tbsp","1. Arrange papdi on plate. 2. Add potatoes, chutneys, yogurt, sprinkle masala.",10 min,0 min,10 min,4,"{""calories"": 260, ""protein"": 5g, ""fat"": 8g, ""carbs"": 40g, ""sugar"": 8g, ""fiber"": 4g, ""sodium"": 400mg}",vegetarian,"dairy, gluten","{""papdi"": [""baked crackers""], ""yogurt"": [""coconut yogurt""]}",Vegetarian
Paneer Tikka,"paneer 250g, bell pepper 1, onion 1, yogurt 50g, tikka masala 2 tsp",1. Marinate paneer & veggies in yogurt + spices. 2. Grill until charred.,15 min,15 min,30 min,4,"{""calories"": 320, ""protein"": 18g, ""fat"": 18g, ""carbs"": 15g, ""sugar"": 6g, ""fiber"": 3g, ""sodium"": 500mg}","vegetarian, gluten-free",dairy,"{""paneer"": [""tofu""], ""yogurt"": [""almond yogurt""]}",Vegetarian
Kathi Roll,"paratha 4, paneer/chicken 200g, onion 1, capsicum 1, chutney 2 tbsp",1. Cook filling with spices. 2. Wrap in paratha with onions & chutney.,15 min,10 min,25 min,4,"{""calories"": 350, ""protein"": 12g, ""fat"": 14g, ""carbs"": 45g, ""sugar"": 4g, ""fiber"": 4g, ""sodium"": 500mg}",vegetarian option,"gluten, dairy (if paneer)","{""paratha"": [""whole wheat wrap""]}",Vegetarian
Kulche Chole,"kulcha bread 4, chickpeas 200g, onion 1, tomato 2, chole masala 2 tsp",1. Prepare chole curry. 2. Serve hot with kulcha.,15 min,25 min,40 min,4,"{""calories"": 380, ""protein"": 10g, ""fat"": 10g, ""carbs"": 62g, ""sugar"": 6g, ""fiber"": 8g, ""sodium"": 600mg}",vegetarian,gluten,"{""kulcha"": [""whole wheat naan""]}",Vegetarian
Dahi Bhalla,"urad dal 150g, yogurt 200g, tamarind chutney 2 tbsp, green chutney 2 tbsp","1. Soak dal, grind & fry into balls. 2. Soak in water, squeeze, serve with yogurt & chutneys.",15 min,30 min,45 min,4,"{""calories"": 280, ""protein"": 10g, ""fat"": 8g, ""carbs"": 38g, ""sugar"": 8g, ""fiber"": 5g, ""sodium"": 500mg}","vegetarian, gluten-free",dairy,"{""yogurt"": [""soy yogurt""]}",Vegetarian
Bread Pakora,"bread 4 slices, besan 100g, potato 100g, spices 1 tsp, oil for frying","1. Make potato filling. 2. Coat bread in besan batter, deep fry.",10 min,15 min,25 min,4,"{""calories"": 320, ""protein"": 8g, ""fat"": 14g, ""carbs"": 42g, ""sugar"": 6g, ""fiber"": 5g, ""sodium"": 450mg}",vegetarian,gluten,"{""bread"": [""gluten-free bread""]}",Vegetarian
Ram Ladoo,"moong dal 150g, spices 1 tsp, radish grated 50g, chutneys 2 tbsp","1. Grind soaked dal, fry into fritters. 2. Serve with radish & chutneys.",10 min,15 min,25 min,4,"{""calories"": 260, ""protein"": 10g, ""fat"": 6g, ""carbs"": 40g, ""sugar"": 3g, ""fiber"": 5g, ""sodium"": 400mg}","vegetarian, gluten-free",none,"{""oil"": [""olive oil""]}",Vegetarian
Matar Kulcha,"white peas 200g, kulcha bread 4, onion 1, tomato 1, spices 1 tsp","1. Boil peas, mash slightly, season. 2. Serve with kulcha.",15 min,20 min,35 min,4,"{""calories"": 360, ""protein"": 11g, ""fat"": 10g, ""carbs"": 56g, ""sugar"": 6g, ""fiber"": 8g, ""sodium"": 550mg}",vegetarian,gluten,"{""kulcha"": [""whole wheat naan""]}",Vegetarian
Tandoori Momos,"momo dough 200g, chicken/veg filling 200g, tandoori masala 1 tsp, yogurt 50g","1. Prepare momos, marinate with yogurt & spices. 2. Grill until charred.",20 min,20 min,40 min,4,"{""calories"": 300, ""protein"": 14g, ""fat"": 10g, ""carbs"": 40g, ""sugar"": 4g, ""fiber"": 3g, ""sodium"": 500mg}",vegetarian option,"gluten, dairy","{""yogurt"": [""almond yogurt""]}",Vegetarian
Vada Pav,"pav buns 4, potato 300g, garlic 1 tsp, green chili 1, gram flour 100g, chutneys 4 tbsp","1. Boil potatoes, mash with spices. 2. Shape into balls, dip in besan batter, deep fry. 3. Serve in pav with chutneys.",15 min,15 min,30 min,4,"{""calories"": 320, ""protein"": 8g, ""fat"": 10g, ""carbs"": 52g, ""sugar"": 6g, ""fiber"": 5g, ""sodium"": 500mg}",vegetarian,gluten,"{""pav buns"": [""whole wheat buns""], ""oil"": [""olive oil""]}",Vegetarian
Sabudana Khichdi,"sabudana 200g, potato 150g, peanuts 50g, green chili 1, cumin seeds 1 tsp","1. Soak sabudana overnight. 2. Fry peanuts, add potato, cumin, chili. 3. Add sabudana, cook until translucent.",15 min,15 min,30 min,4,"{""calories"": 280, ""protein"": 6g, ""fat"": 10g, ""carbs"": 44g, ""sugar"": 3g, ""fiber"": 4g, ""sodium"": 350mg}","vegetarian, gluten-free",peanuts,"{""peanuts"": [""roasted pumpkin seeds""]}",Vegetarian
Bombay Sandwich,"bread 6 slices, cucumber 50g, tomato 50g, beetroot 50g, green chutney 2 tbsp, butter 20g",1. Spread chutney & butter on bread. 2. Layer sliced veggies. 3. Cut & serve.,10 min,0 min,10 min,3,"{""calories"": 250, ""protein"": 6g, ""fat"": 8g, ""carbs"": 38g, ""sugar"": 5g, ""fiber"": 4g, ""sodium"": 400mg}",vegetarian,"gluten, dairy","{""bread"": [""gluten-free bread""], ""butter"": [""vegan butter""]}",Vegetarian
Sev Puri,"puris 24, potato 150g, onion 50g, tomato 50g, green chutney 2 tbsp, tamarind chutney 2 tbsp, sev 50g","1. Arrange puris, fill with potato & onions. 2. Top with chutneys & sev.",10 min,0 min,10 min,4,"{""calories"": 200, ""protein"": 4g, ""fat"": 8g, ""carbs"": 30g, ""sugar"": 5g, ""fiber"": 3g, ""sodium"": 350mg}",vegetarian,gluten,"{""puris"": [""baked crackers""]}",Vegetarian
Ragda Pattice,"white peas 200g, potato 200g, onion 50g, tomato 50g, spices 1 tsp, chutneys 2 tbsp",1. Prepare ragda curry. 2. Shallow fry potato patties. 3. Assemble with chutneys.,15 min,25 min,40 min,4,"{""calories"": 320, ""protein"": 12g, ""fat"": 8g, ""carbs"": 50g, ""sugar"": 6g, ""fiber"": 8g, ""sodium"": 450mg}","vegetarian, gluten-free",none,"{""oil"": [""canola oil""]}",Vegetarian
Medu Vada,"urad dal 200g, green chili 1, ginger 1 tsp, curry leaves 5, oil for frying","1. Soak dal, grind, season. 2. Shape doughnuts, deep fry.",15 min,20 min,35 min,4,"{""calories"": 250, ""protein"": 9g, ""fat"": 8g, ""carbs"": 34g, ""sugar"": 3g, ""fiber"": 4g, ""sodium"": 300mg}","vegetarian, gluten-free",none,"{""oil"": [""sunflower oil""]}",Vegetarian
Masala Dosa,"dosa batter 300g, potato 200g, onion 50g, curry leaves 5, oil 20ml","1. Make potato masala. 2. Spread batter on tawa, stuff with masala.",15 min,15 min,30 min,4,"{""calories"": 320, ""protein"": 8g, ""fat"": 10g, ""carbs"": 50g, ""sugar"": 4g, ""fiber"": 4g, ""sodium"": 350mg}","vegetarian, gluten-free",none,"{""oil"": [""coconut oil""]}",Vegetarian
Uttapam,"dosa batter 300g, onion 50g, tomato 50g, green chili 1, oil 20ml","1. Pour batter thickly, top with veggies, cook both sides.",10 min,15 min,25 min,4,"{""calories"": 280, ""protein"": 7g, ""fat"": 8g, ""carbs"": 45g, ""sugar"": 4g, ""fiber"": 4g, ""sodium"": 320mg}","vegetarian, gluten-free",none,"{""oil"": [""olive oil""]}",Vegetarian
Punugulu,"dosa batter 200g, green chili 1, onion 50g, oil for frying",1. Mix batter with chili & onion. 2. Drop spoonfuls into hot oil.,10 min,15 min,25 min,4,"{""calories"": 250, ""protein"": 6g, ""fat"": 8g, ""carbs"": 38g, ""sugar"": 3g, ""fiber"": 3g, ""sodium"": 300mg}","vegetarian, gluten-free",none,"{""oil"": [""rice bran oil""]}",Vegetarian
Mysore Bonda,"urad dal 150g, rice flour 50g, green chili 1, yogurt 50g, oil for frying","1. Mix dal paste with rice flour, chili, yogurt. 2. Shape balls, deep fry.",15 min,15 min,30 min,4,"{""calories"": 280, ""protein"": 8g, ""fat"": 9g, ""carbs"": 40g, ""sugar"": 4g, ""fiber"": 4g, ""sodium"": 320mg}",vegetarian,dairy,"{""yogurt"": [""soy yogurt""]}",Vegetarian
Chowmein (Indian-style),"noodles 200g, cabbage 100g, carrot 50g, capsicum 50g, soy sauce 1 tbsp, oil 20ml","1. Boil noodles, toss in oil. 2. Stir-fry vegetables, add soy sauce & noodles.",10 min,15 min,25 min,4,"{""calories"": 280, ""protein"": 8g, ""fat"": 8g, ""carbs"": 44g, ""sugar"": 5g, ""fiber"": 4g, ""sodium"": 550mg}",vegetarian,"gluten, soy","{""soy sauce"": [""tamari""], ""noodles"": [""rice noodles""]}",Vegetarian
Rolls (Kolkata style),"paratha 4, chicken 200g, onion 50g, green chili 1, chutney 2 tbsp",1. Cook chicken with spices. 2. Wrap in paratha with onions & chutney.,15 min,15 min,30 min,4,"{""calories"": 320, ""protein"": 16g, ""fat"": 12g, ""carbs"": 38g, ""sugar"": 4g, ""fiber"": 4g, ""sodium"": 450mg}",non-vegetarian,gluten,"{""paratha"": [""whole wheat tortilla""]}",Non-Vegetarian
Chop,"potato 200g, beetroot 100g, bread crumbs 50g, oil for frying","1. Boil & mash veggies. 2. Shape, coat with crumbs, deep fry.",15 min,15 min,30 min,4,"{""calories"": 260, ""protein"": 5g, ""fat"": 8g, ""carbs"": 40g, ""sugar"": 6g, ""fiber"": 5g, ""sodium"": 350mg}",vegetarian,gluten,"{""bread crumbs"": [""oat crumbs""]}",Vegetarian
Egg Roll,"paratha 4, egg 4, onion 50g, chutney 2 tbsp","1. Fry paratha with egg. 2. Add onions & chutney, roll up.",10 min,10 min,20 min,4,"{""calories"": 300, ""protein"": 12g, ""fat"": 12g, ""carbs"": 34g, ""sugar"": 3g, ""fiber"": 3g, ""sodium"": 380mg}",non-vegetarian,"gluten, egg","{""paratha"": [""gluten-free flatbread""]}",Vegetarian
Tikki Burger,"burger bun 4, potato 300g, bread crumbs 50g, lettuce 50g, tomato 50g","1. Shape potato tikki, shallow fry. 2. Assemble burger with veggies.",15 min,15 min,30 min,4,"{""calories"": 340, ""protein"": 8g, ""fat"": 10g, ""carbs"": 52g, ""sugar"": 6g, ""fiber"": 5g, ""sodium"": 420mg}",vegetarian,gluten,"{""burger bun"": [""whole wheat bun""]}",Vegetarian
Veg Frankie,"roti 4, potato 200g, onion 50g, chutney 2 tbsp",1. Stuff roti with potato masala & onions. 2. Roll & serve.,10 min,10 min,20 min,4,"{""calories"": 260, ""protein"": 7g, ""fat"": 8g, ""carbs"": 40g, ""sugar"": 4g, ""fiber"": 4g, ""sodium"": 350mg}",vegetarian,gluten,"{""roti"": [""gluten-free roti""]}",Vegetarian
Corn Chaat,"corn kernels 200g, onion 50g, tomato 50g, lemon juice 1 tbsp, chaat masala 1 tsp","1. Boil corn, mix with veggies & spices.",5 min,5 min,10 min,4,"{""calories"": 120, ""protein"": 4g, ""fat"": 2g, ""carbs"": 24g, ""sugar"": 6g, ""fiber"": 4g, ""sodium"": 300mg}","vegan, gluten-free",none,"{""corn"": [""sweet potato cubes""]}",Vegetarian
Maggi,"Maggi noodles 140g, water 400ml, spice mix 1 packet, veggies 50g",1. Boil noodles with veggies & spice mix.,5 min,5 min,10 min,2,"{""calories"": 300, ""protein"": 7g, ""fat"": 12g, ""carbs"": 40g, ""sugar"": 4g, ""fiber"": 3g, ""sodium"": 800mg}",vegetarian,gluten,"{""Maggi noodles"": [""whole wheat instant noodles""]}",Vegetarian
Peanut Chaat,"roasted peanuts 100g, onion 50g, tomato 50g, green chili 1, lemon juice 1 tbsp","1. Mix all ingredients, serve fresh.",5 min,0 min,5 min,4,"{""calories"": 180, ""protein"": 8g, ""fat"": 10g, ""carbs"": 12g, ""sugar"": 4g, ""fiber"": 4g, ""sodium"": 250mg}","vegan, gluten-free",peanuts,"{""peanuts"": [""roasted chickpeas""]}",Vegetarian
Veg Cutlet,"potato 200g, carrot 50g, beans 50g, bread crumbs 50g, oil for frying","1. Boil & mash veggies. 2. Shape, coat, deep fry.",15 min,15 min,30 min,4,"{""calories"": 250, ""protein"": 6g, ""fat"": 8g, ""carbs"": 38g, ""sugar"": 5g, ""fiber"": 4g, ""sodium"": 350mg}",vegetarian,gluten,"{""bread crumbs"": [""panko gluten-free crumbs""]}",Vegetarian
Aloo Chaat,"potato 300g, onion 50g, green chili 1, lemon juice 1 tbsp, chaat masala 1 tsp","1. Fry potatoes until crispy. 2. Toss with onions, chili, lemon juice, spices.",10 min,10 min,20 min,4,"{""calories"": 200, ""protein"": 4g, ""fat"": 6g, ""carbs"": 34g, ""sugar"": 3g, ""fiber"": 4g, ""sodium"": 300mg}","vegan, gluten-free",none,"{""oil"": [""olive oil""]}",Vegetarian
Masala Chai,"black tea leaves 5g, milk 150ml, water 150ml, sugar 10g, ginger 5g, cardamom 2 pods, cloves 2","1. Boil water with spices. 2. Add tea leaves & milk, simmer. 3. Strain & serve.",5 min,5 min,10 min,2,"{""calories"": 60, ""protein"": 2g, ""fat"": 2g, ""carbs"": 9g, ""sugar"": 8g, ""fiber"": 0g, ""sodium"": 20mg}","vegetarian, gluten-free",dairy,"{""milk"": [""almond milk"", ""soy milk""]}",Vegetarian
Ginger Tea (Adrak Chai),"black tea leaves 5g, milk 150ml, water 150ml, sugar 10g, ginger 10g","1. Boil ginger in water. 2. Add tea leaves & milk, simmer. 3. Strain & serve.",5 min,5 min,10 min,2,"{""calories"": 58, ""protein"": 2g, ""fat"": 2g, ""carbs"": 9g, ""sugar"": 8g, ""fiber"": 0g, ""sodium"": 20mg}","vegetarian, gluten-free",dairy,"{""milk"": [""oat milk"", ""cashew milk""]}",Vegetarian
Elaichi Chai,"black tea leaves 5g, milk 150ml, water 150ml, sugar 10g, cardamom 3 pods","1. Boil water with cardamom. 2. Add tea leaves & milk, simmer. 3. Strain & serve.",5 min,5 min,10 min,2,"{""calories"": 58, ""protein"": 2g, ""fat"": 2g, ""carbs"": 9g, ""sugar"": 8g, ""fiber"": 0g, ""sodium"": 20mg}","vegetarian, gluten-free",dairy,"{""milk"": [""soy milk"", ""coconut milk""]}",Vegetarian
Kulhad Chai,"black tea leaves 5g, milk 150ml, water 150ml, sugar 10g, spices (ginger/cardamom) optional",1. Brew tea with milk & spices. 2. Serve hot in clay cups.,5 min,5 min,10 min,2,"{""calories"": 58, ""protein"": 2g, ""fat"": 2g, ""carbs"": 9g, ""sugar"": 8g, ""fiber"": 0g, ""sodium"": 20mg}","vegetarian, gluten-free",dairy,"{""milk"": [""almond milk"", ""oat milk""]}",Vegetarian
Tandoori Chai,"black tea leaves 5g, milk 150ml, water 150ml, sugar 10g, spices optional",1. Brew tea. 2. Pour hot tea into heated clay cups for smoky flavor.,5 min,5 min,10 min,2,"{""calories"": 58, ""protein"": 2g, ""fat"": 2g, ""carbs"": 9g, ""sugar"": 8g, ""fiber"": 0g, ""sodium"": 20mg}","vegetarian, gluten-free",dairy,"{""milk"": [""soy milk"", ""almond milk""]}",Vegetarian
Filter Coffee (South India),"filter coffee powder 10g, water 100ml, milk 150ml, sugar 10g",1. Brew coffee in filter. 2. Mix with hot milk & sugar.,5 min,5 min,10 min,2,"{""calories"": 65, ""protein"": 2g, ""fat"": 2g, ""carbs"": 10g, ""sugar"": 8g, ""fiber"": 0g, ""sodium"": 20mg}","vegetarian, gluten-free",dairy,"{""milk"": [""oat milk"", ""soy milk""]}",Vegetarian
Irani Chai (Hyderabad),"black tea leaves 5g, condensed milk 50ml, water 200ml, sugar 10g","1. Brew strong tea. 2. Add condensed milk, simmer until creamy.",5 min,10 min,15 min,2,"{""calories"": 100, ""protein"": 3g, ""fat"": 3g, ""carbs"": 15g, ""sugar"": 12g, ""fiber"": 0g, ""sodium"": 30mg}","vegetarian, gluten-free",dairy,"{""condensed milk"": [""coconut condensed milk""]}",Vegetarian
Lemon Tea,"black tea leaves 5g, water 200ml, lemon juice 10ml, honey 5g","1. Brew tea. 2. Add lemon juice & honey, stir well.",5 min,5 min,10 min,2,"{""calories"": 20, ""protein"": 0g, ""fat"": 0g, ""carbs"": 5g, ""sugar"": 4g, ""fiber"": 0g, ""sodium"": 2mg}","vegan, gluten-free",none,"{""honey"": [""maple syrup""]}",Vegetarian
Green Tea (Street Style),"green tea leaves 3g, water 200ml, lemon juice 5ml, sugar 5g","1. Brew green tea. 2. Add lemon & sugar, serve hot.",3 min,3 min,6 min,2,"{""calories"": 15, ""protein"": 0g, ""fat"": 0g, ""carbs"": 4g, ""sugar"": 3g, ""fiber"": 0g, ""sodium"": 1mg}","vegan, gluten-free",none,"{""sugar"": [""stevia""]}",Vegetarian
Cold Coffee,"chilled milk 200ml, instant coffee powder 5g, sugar 15g, ice cubes 100g","1. Blend milk, coffee, sugar, and ice until frothy. 2. Serve chilled in tall glass.",5 min,0 min,5 min,2,"{""calories"": 110, ""protein"": 4g, ""fat"": 3g, ""carbs"": 17g, ""sugar"": 15g, ""fiber"": 0g, ""sodium"": 40mg}","vegetarian, gluten-free",dairy,"{""milk"": [""almond milk"", ""oat milk""], ""sugar"": [""honey"", ""stevia""]}",Vegetarian
Cheese Burst Pizza,"pizza base 150g, mozzarella cheese 200g, tomato sauce 50g, oregano 1 tsp, chili flakes 1 tsp","1. Spread sauce on base. 2. Add half cheese, place second thin layer of base, fill with more cheese. 3. Top with remaining cheese and seasonings. 4. Bake at 220°C for 12–15 min.",10 min,15 min,25 min,4,"{""calories"": 380, ""protein"": 16g, ""fat"": 18g, ""carbs"": 38g, ""sugar"": 3g, ""fiber"": 2g, ""sodium"": 600mg}",vegetarian,"dairy, gluten","{""mozzarella cheese"": [""vegan cheese""], ""pizza base"": [""gluten-free pizza base""]}",Vegetarian
Paneer Tikka Pizza,"pizza base 150g, paneer 100g, yogurt 30g, tikka masala 1 tsp, tomato sauce 50g, cheese 100g","1. Marinate paneer with yogurt and tikka masala 30 min. 2. Spread sauce on base, add cheese, arrange paneer, bake 12 min at 220°C.",15 min,15 min,30 min,4,"{""calories"": 320, ""protein"": 14g, ""fat"": 14g, ""carbs"": 36g, ""sugar"": 3g, ""fiber"": 2g, ""sodium"": 550mg}",vegetarian,"dairy, gluten","{""paneer"": [""tofu""], ""yogurt"": [""vegan yogurt""]}",Vegetarian
Veggie Overload Pizza,"pizza base 150g, mozzarella 120g, tomato sauce 50g, onion 30g, capsicum 30g, tomato 30g, sweet corn 30g","1. Spread sauce on base, top with cheese, add all veggies, bake 12–15 min at 220°C.",10 min,15 min,25 min,4,"{""calories"": 280, ""protein"": 11g, ""fat"": 10g, ""carbs"": 36g, ""sugar"": 4g, ""fiber"": 3g, ""sodium"": 500mg}",vegetarian,"dairy, gluten","{""mozzarella"": [""vegan cheese""], ""pizza base"": [""gluten-free pizza base""]}",Vegetarian
Bread Pizza,"bread slices 4 (100g), cheese 80g, tomato sauce 40g, mixed vegetables 50g","1. Spread sauce on bread, add veggies and cheese. 2. Toast on tawa or bake until cheese melts.",5 min,8 min,13 min,2,"{""calories"": 220, ""protein"": 9g, ""fat"": 8g, ""carbs"": 28g, ""sugar"": 3g, ""fiber"": 2g, ""sodium"": 400mg}",vegetarian,"dairy, gluten","{""bread"": [""gluten-free bread""], ""cheese"": [""vegan cheese""]}",Vegetarian
Naan Pizza,"naan 150g, cheese 120g, tomato sauce 50g, mixed veggies 50g","1. Spread sauce on naan, add toppings and cheese, bake or toast until golden.",5 min,10 min,15 min,2,"{""calories"": 300, ""protein"": 12g, ""fat"": 12g, ""carbs"": 36g, ""sugar"": 3g, ""fiber"": 2g, ""sodium"": 500mg}",vegetarian,"dairy, gluten","{""naan"": [""gluten-free naan""], ""cheese"": [""vegan cheese""]}",Non-Vegetarian
Jain Pizza,"pizza base 150g, cheese 100g, tomato sauce 50g, capsicum 30g, corn 30g","1. Spread sauce on base, add veggies, top with cheese, bake 12 min.",10 min,12 min,22 min,4,"{""calories"": 260, ""protein"": 10g, ""fat"": 9g, ""carbs"": 34g, ""sugar"": 3g, ""fiber"": 2g, ""sodium"": 480mg}","vegetarian, jain","dairy, gluten","{""cheese"": [""vegan cheese""], ""pizza base"": [""gluten-free pizza base""]}",Vegetarian
Aloo Tikki Burger,"burger buns 2 (120g), potato 150g, breadcrumbs 30g, spices 5g, chutney 20g","1. Make patties from mashed potato, coat with breadcrumbs, shallow fry. 2. Assemble in bun with chutney.",10 min,15 min,25 min,2,"{""calories"": 290, ""protein"": 8g, ""fat"": 10g, ""carbs"": 42g, ""sugar"": 4g, ""fiber"": 4g, ""sodium"": 450mg}",vegetarian,gluten,"{""buns"": [""gluten-free buns""], ""breadcrumbs"": [""cornmeal""]}",Vegetarian
Paneer Burger,"burger buns 2 (120g), paneer 100g, spices 5g, lettuce 20g, chutney 20g",1. Pan-fry paneer slice with spices. 2. Place in bun with lettuce and chutney.,10 min,8 min,18 min,2,"{""calories"": 320, ""protein"": 13g, ""fat"": 13g, ""carbs"": 38g, ""sugar"": 4g, ""fiber"": 3g, ""sodium"": 500mg}",vegetarian,"dairy, gluten","{""paneer"": [""tofu""], ""buns"": [""gluten-free buns""]}",Vegetarian
Mini Tawa Pizza,"small pizza base 80g, cheese 50g, sauce 20g, veggies 30g","1. Spread sauce, add toppings, cover and cook on tawa until cheese melts.",5 min,7 min,12 min,1,"{""calories"": 180, ""protein"": 7g, ""fat"": 6g, ""carbs"": 24g, ""sugar"": 2g, ""fiber"": 1g, ""sodium"": 300mg}",vegetarian,"dairy, gluten","{""cheese"": [""vegan cheese""], ""pizza base"": [""gluten-free pizza base""]}",Vegetarian
Egg Burger,"burger buns 2 (120g), egg 1 (50g), lettuce 20g, mayo 15g",1. Fry egg sunny side up or omelette style. 2. Place in bun with lettuce and mayo.,5 min,5 min,10 min,2,"{""calories"": 250, ""protein"": 10g, ""fat"": 11g, ""carbs"": 28g, ""sugar"": 3g, ""fiber"": 1g, ""sodium"": 420mg}",non-vegetarian,"eggs, gluten","{""buns"": [""gluten-free buns""], ""mayo"": [""vegan mayo""]}",Vegetarian
Bombay Veg Sandwich,"bread 6 slices (150g), cucumber 40g, tomato 40g, beetroot 40g, mint chutney 20g, butter 20g","1. Spread butter and chutney on bread, layer veggies, cut and serve.",5 min,0 min,5 min,3,"{""calories"": 280, ""protein"": 7g, ""fat"": 9g, ""carbs"": 42g, ""sugar"": 5g, ""fiber"": 4g, ""sodium"": 450mg}",vegetarian,"dairy, gluten","{""butter"": [""vegan butter""], ""bread"": [""gluten-free bread""]}",Vegetarian
Veggie Sub Sandwich,"sub roll 150g, lettuce 40g, tomato 40g, cucumber 40g, cheese 40g, mayo 20g","1. Slice roll, add veggies, cheese, and mayo.",5 min,0 min,5 min,2,"{""calories"": 320, ""protein"": 11g, ""fat"": 12g, ""carbs"": 40g, ""sugar"": 5g, ""fiber"": 3g, ""sodium"": 550mg}",vegetarian,"dairy, gluten","{""cheese"": [""vegan cheese""], ""mayo"": [""vegan mayo""]}",Vegetarian
Chicken Tikka Sub,"sub roll 150g, chicken tikka 100g, lettuce 40g, tomato 40g, mayo 20g","1. Slice roll, add chicken tikka, veggies, and mayo.",5 min,0 min,5 min,2,"{""calories"": 340, ""protein"": 18g, ""fat"": 12g, ""carbs"": 38g, ""sugar"": 4g, ""fiber"": 2g, ""sodium"": 600mg}",non-vegetarian,gluten,"{""sub roll"": [""gluten-free roll""], ""mayo"": [""vegan mayo""]}",Vegetarian
Paneer Sub,"sub roll 150g, paneer 100g, lettuce 40g, tomato 40g, mayo 20g","1. Slice roll, add grilled paneer, veggies, and mayo.",5 min,0 min,5 min,2,"{""calories"": 330, ""protein"": 14g, ""fat"": 13g, ""carbs"": 38g, ""sugar"": 4g, ""fiber"": 2g, ""sodium"": 580mg}",vegetarian,"dairy, gluten","{""paneer"": [""tofu""], ""mayo"": [""vegan mayo""]}",Vegetarian
Grilled Cheese Sandwich,"bread slices 4 (100g), cheese 80g, butter 20g","1. Butter bread, add cheese, grill until golden.",5 min,5 min,10 min,2,"{""calories"": 280, ""protein"": 11g, ""fat"": 13g, ""carbs"": 28g, ""sugar"": 2g, ""fiber"": 1g, ""sodium"": 500mg}",vegetarian,"dairy, gluten","{""cheese"": [""vegan cheese""], ""butter"": [""vegan butter""]}",Vegetarian
Paneer Sandwich,"bread slices 4 (100g), paneer 80g, chutney 20g, butter 10g","1. Mash paneer with chutney, spread on bread, toast if desired.",5 min,5 min,10 min,2,"{""calories"": 260, ""protein"": 11g, ""fat"": 10g, ""carbs"": 28g, ""sugar"": 2g, ""fiber"": 1g, ""sodium"": 480mg}",vegetarian,"dairy, gluten","{""paneer"": [""tofu""], ""butter"": [""vegan butter""]}",Vegetarian